"","source","target","ligand","receptor","prob","pval","interaction_name","interaction_name_2","pathway_name","annotation","evidence"
"1","DC-1","DC-2","Tgfb1","TGFbR1_R2",0.000649660660706564,0.02,"TGFB1_TGFBR1_TGFBR2","Tgfb1 - (Tgfbr1+Tgfbr2)","TGFb","Secreted Signaling","KEGG: mmu04350"
"2","TCELL-1","DC-2","Tgfb1","TGFbR1_R2",0.0010329036796973,0.01,"TGFB1_TGFBR1_TGFBR2","Tgfb1 - (Tgfbr1+Tgfbr2)","TGFb","Secreted Signaling","KEGG: mmu04350"
"3","DC-1","DC-3","Tgfb1","TGFbR1_R2",0.000830843914441402,0.01,"TGFB1_TGFBR1_TGFBR2","Tgfb1 - (Tgfbr1+Tgfbr2)","TGFb","Secreted Signaling","KEGG: mmu04350"
"4","MAC-3","DC-3","Tgfb1","TGFbR1_R2",0.00107964347138065,0.04,"TGFB1_TGFBR1_TGFBR2","Tgfb1 - (Tgfbr1+Tgfbr2)","TGFb","Secreted Signaling","KEGG: mmu04350"
"5","TCELL-1","DC-3","Tgfb1","TGFbR1_R2",0.00132077039730142,0,"TGFB1_TGFBR1_TGFBR2","Tgfb1 - (Tgfbr1+Tgfbr2)","TGFb","Secreted Signaling","KEGG: mmu04350"
"6","TCELL-2","DC-3","Tgfb1","TGFbR1_R2",0.00050289719727509,0.04,"TGFB1_TGFBR1_TGFBR2","Tgfb1 - (Tgfbr1+Tgfbr2)","TGFb","Secreted Signaling","KEGG: mmu04350"
"7","DC-1","FIB-III","Tgfb1","TGFbR1_R2",0.0044445633557637,0,"TGFB1_TGFBR1_TGFBR2","Tgfb1 - (Tgfbr1+Tgfbr2)","TGFb","Secreted Signaling","KEGG: mmu04350"
"8","DC-3","FIB-III","Tgfb1","TGFbR1_R2",0.00310000603951929,0,"TGFB1_TGFBR1_TGFBR2","Tgfb1 - (Tgfbr1+Tgfbr2)","TGFb","Secreted Signaling","KEGG: mmu04350"
"9","MAC-1","FIB-III","Tgfb1","TGFbR1_R2",0.00176669081639367,0,"TGFB1_TGFBR1_TGFBR2","Tgfb1 - (Tgfbr1+Tgfbr2)","TGFb","Secreted Signaling","KEGG: mmu04350"
"10","MAC-2","FIB-III","Tgfb1","TGFbR1_R2",0.00286234974648827,0.02,"TGFB1_TGFBR1_TGFBR2","Tgfb1 - (Tgfbr1+Tgfbr2)","TGFb","Secreted Signaling","KEGG: mmu04350"
"11","MAC-3","FIB-III","Tgfb1","TGFbR1_R2",0.00576696989626907,0,"TGFB1_TGFBR1_TGFBR2","Tgfb1 - (Tgfbr1+Tgfbr2)","TGFb","Secreted Signaling","KEGG: mmu04350"
"12","TCELL-1","FIB-III","Tgfb1","TGFbR1_R2",0.00700120313064517,0,"TGFB1_TGFBR1_TGFBR2","Tgfb1 - (Tgfbr1+Tgfbr2)","TGFb","Secreted Signaling","KEGG: mmu04350"
"13","TCELL-2","FIB-III","Tgfb1","TGFbR1_R2",0.00271488284299307,0,"TGFB1_TGFBR1_TGFBR2","Tgfb1 - (Tgfbr1+Tgfbr2)","TGFb","Secreted Signaling","KEGG: mmu04350"
"14","DC-1","MAC-1","Tgfb1","TGFbR1_R2",0.0025265016389064,0,"TGFB1_TGFBR1_TGFBR2","Tgfb1 - (Tgfbr1+Tgfbr2)","TGFb","Secreted Signaling","KEGG: mmu04350"
"15","DC-3","MAC-1","Tgfb1","TGFbR1_R2",0.00175439594288281,0,"TGFB1_TGFBR1_TGFBR2","Tgfb1 - (Tgfbr1+Tgfbr2)","TGFb","Secreted Signaling","KEGG: mmu04350"
"16","MAC-1","MAC-1","Tgfb1","TGFbR1_R2",0.000996021702152488,0,"TGFB1_TGFBR1_TGFBR2","Tgfb1 - (Tgfbr1+Tgfbr2)","TGFb","Secreted Signaling","KEGG: mmu04350"
"17","MAC-2","MAC-1","Tgfb1","TGFbR1_R2",0.00161943147434474,0.04,"TGFB1_TGFBR1_TGFBR2","Tgfb1 - (Tgfbr1+Tgfbr2)","TGFb","Secreted Signaling","KEGG: mmu04350"
"18","MAC-3","MAC-1","Tgfb1","TGFbR1_R2",0.00328207625632448,0.01,"TGFB1_TGFBR1_TGFBR2","Tgfb1 - (Tgfbr1+Tgfbr2)","TGFb","Secreted Signaling","KEGG: mmu04350"
"19","TCELL-1","MAC-1","Tgfb1","TGFbR1_R2",0.00400877179617779,0,"TGFB1_TGFBR1_TGFBR2","Tgfb1 - (Tgfbr1+Tgfbr2)","TGFb","Secreted Signaling","KEGG: mmu04350"
"20","TCELL-2","MAC-1","Tgfb1","TGFbR1_R2",0.00153210723868536,0,"TGFB1_TGFBR1_TGFBR2","Tgfb1 - (Tgfbr1+Tgfbr2)","TGFb","Secreted Signaling","KEGG: mmu04350"
"21","DC-1","MAC-2","Tgfb1","TGFbR1_R2",0.0103858671979678,0,"TGFB1_TGFBR1_TGFBR2","Tgfb1 - (Tgfbr1+Tgfbr2)","TGFb","Secreted Signaling","KEGG: mmu04350"
"22","DC-3","MAC-2","Tgfb1","TGFbR1_R2",0.00724788040176701,0,"TGFB1_TGFBR1_TGFBR2","Tgfb1 - (Tgfbr1+Tgfbr2)","TGFb","Secreted Signaling","KEGG: mmu04350"
"23","MAC-1","MAC-2","Tgfb1","TGFbR1_R2",0.00413249204808917,0,"TGFB1_TGFBR1_TGFBR2","Tgfb1 - (Tgfbr1+Tgfbr2)","TGFb","Secreted Signaling","KEGG: mmu04350"
"24","MAC-2","MAC-2","Tgfb1","TGFbR1_R2",0.00669247081465032,0,"TGFB1_TGFBR1_TGFBR2","Tgfb1 - (Tgfbr1+Tgfbr2)","TGFb","Secreted Signaling","KEGG: mmu04350"
"25","MAC-3","MAC-2","Tgfb1","TGFbR1_R2",0.0134740850812697,0,"TGFB1_TGFBR1_TGFBR2","Tgfb1 - (Tgfbr1+Tgfbr2)","TGFb","Secreted Signaling","KEGG: mmu04350"
"26","TCELL-1","MAC-2","Tgfb1","TGFbR1_R2",0.0163457521909084,0,"TGFB1_TGFBR1_TGFBR2","Tgfb1 - (Tgfbr1+Tgfbr2)","TGFb","Secreted Signaling","KEGG: mmu04350"
"27","TCELL-2","MAC-2","Tgfb1","TGFbR1_R2",0.00634965051074961,0,"TGFB1_TGFBR1_TGFBR2","Tgfb1 - (Tgfbr1+Tgfbr2)","TGFb","Secreted Signaling","KEGG: mmu04350"
"28","DC-1","MAC-3","Tgfb1","TGFbR1_R2",0.00491427337574821,0,"TGFB1_TGFBR1_TGFBR2","Tgfb1 - (Tgfbr1+Tgfbr2)","TGFb","Secreted Signaling","KEGG: mmu04350"
"29","DC-3","MAC-3","Tgfb1","TGFbR1_R2",0.00341539099466939,0,"TGFB1_TGFBR1_TGFBR2","Tgfb1 - (Tgfbr1+Tgfbr2)","TGFb","Secreted Signaling","KEGG: mmu04350"
"30","MAC-1","MAC-3","Tgfb1","TGFbR1_R2",0.00194044614105209,0,"TGFB1_TGFBR1_TGFBR2","Tgfb1 - (Tgfbr1+Tgfbr2)","TGFb","Secreted Signaling","KEGG: mmu04350"
"31","MAC-2","MAC-3","Tgfb1","TGFbR1_R2",0.00315282309889807,0,"TGFB1_TGFBR1_TGFBR2","Tgfb1 - (Tgfbr1+Tgfbr2)","TGFb","Secreted Signaling","KEGG: mmu04350"
"32","MAC-3","MAC-3","Tgfb1","TGFbR1_R2",0.00638247690056142,0,"TGFB1_TGFBR1_TGFBR2","Tgfb1 - (Tgfbr1+Tgfbr2)","TGFb","Secreted Signaling","KEGG: mmu04350"
"33","TCELL-1","MAC-3","Tgfb1","TGFbR1_R2",0.0077864260207558,0,"TGFB1_TGFBR1_TGFBR2","Tgfb1 - (Tgfbr1+Tgfbr2)","TGFb","Secreted Signaling","KEGG: mmu04350"
"34","TCELL-2","MAC-3","Tgfb1","TGFbR1_R2",0.00298427637409643,0,"TGFB1_TGFBR1_TGFBR2","Tgfb1 - (Tgfbr1+Tgfbr2)","TGFb","Secreted Signaling","KEGG: mmu04350"
"35","DC-1","TCELL-1","Tgfb1","TGFbR1_R2",0.00125605956434452,0,"TGFB1_TGFBR1_TGFBR2","Tgfb1 - (Tgfbr1+Tgfbr2)","TGFb","Secreted Signaling","KEGG: mmu04350"
"36","MAC-3","TCELL-1","Tgfb1","TGFbR1_R2",0.00163209208230808,0.02,"TGFB1_TGFBR1_TGFBR2","Tgfb1 - (Tgfbr1+Tgfbr2)","TGFb","Secreted Signaling","KEGG: mmu04350"
"37","TCELL-1","TCELL-1","Tgfb1","TGFbR1_R2",0.00199596990052718,0,"TGFB1_TGFBR1_TGFBR2","Tgfb1 - (Tgfbr1+Tgfbr2)","TGFb","Secreted Signaling","KEGG: mmu04350"
"38","TCELL-2","TCELL-1","Tgfb1","TGFbR1_R2",0.000760558495296984,0,"TGFB1_TGFBR1_TGFBR2","Tgfb1 - (Tgfbr1+Tgfbr2)","TGFb","Secreted Signaling","KEGG: mmu04350"
"39","FIB-III","FIB-III","Tgfb2","TGFbR1_R2",0.000586743340129461,0,"TGFB2_TGFBR1_TGFBR2","Tgfb2  - (Tgfbr1+Tgfbr2)","TGFb","Secreted Signaling","KEGG: mmu04350"
"40","FIB-III","MAC-2","Tgfb2","TGFbR1_R2",0.00137276823605176,0,"TGFB2_TGFBR1_TGFBR2","Tgfb2  - (Tgfbr1+Tgfbr2)","TGFb","Secreted Signaling","KEGG: mmu04350"
"41","DC-1","MAC-2","Tgfb1","ACVR1B_TGFbR2",0.00385593401874431,0,"TGFB1_ACVR1B_TGFBR2","Tgfb1  - (Acvr1b+Tgfbr2)","TGFb","Secreted Signaling","PMID: 27449815"
"42","DC-2","MAC-2","Tgfb1","ACVR1B_TGFbR2",0.000592225983722095,0,"TGFB1_ACVR1B_TGFBR2","Tgfb1  - (Acvr1b+Tgfbr2)","TGFb","Secreted Signaling","PMID: 27449815"
"43","DC-3","MAC-2","Tgfb1","ACVR1B_TGFbR2",0.00267971648086874,0,"TGFB1_ACVR1B_TGFBR2","Tgfb1  - (Acvr1b+Tgfbr2)","TGFb","Secreted Signaling","PMID: 27449815"
"44","MAC-1","MAC-2","Tgfb1","ACVR1B_TGFbR2",0.00152240866138654,0,"TGFB1_ACVR1B_TGFBR2","Tgfb1  - (Acvr1b+Tgfbr2)","TGFb","Secreted Signaling","PMID: 27449815"
"45","MAC-2","MAC-2","Tgfb1","ACVR1B_TGFbR2",0.00247369756994277,0,"TGFB1_ACVR1B_TGFBR2","Tgfb1  - (Acvr1b+Tgfbr2)","TGFb","Secreted Signaling","PMID: 27449815"
"46","MAC-3","MAC-2","Tgfb1","ACVR1B_TGFbR2",0.00500801176323726,0,"TGFB1_ACVR1B_TGFBR2","Tgfb1  - (Acvr1b+Tgfbr2)","TGFb","Secreted Signaling","PMID: 27449815"
"47","TCELL-1","MAC-2","Tgfb1","ACVR1B_TGFbR2",0.00611004377563841,0,"TGFB1_ACVR1B_TGFBR2","Tgfb1  - (Acvr1b+Tgfbr2)","TGFb","Secreted Signaling","PMID: 27449815"
"48","TCELL-2","MAC-2","Tgfb1","ACVR1B_TGFbR2",0.00234138891378809,0,"TGFB1_ACVR1B_TGFBR2","Tgfb1  - (Acvr1b+Tgfbr2)","TGFb","Secreted Signaling","PMID: 27449815"
"49","FIB-III","MAC-2","Tgfb2","ACVR1B_TGFbR2",0.000504857678499338,0,"TGFB2_ACVR1B_TGFBR2","Tgfb2  - (Acvr1b+Tgfbr2)","TGFb","Secreted Signaling","PMID: 27449815"
"50","DC-2","MAC-2","Wnt7b","FZD7_LRP6",0.000302871266578006,0,"WNT7B_FZD7_LRP6","Wnt7b  - (Fzd7+Lrp6)","WNT","Secreted Signaling","KEGG: mmu04310; PMID: 23209147"
"51","FIB-III","FIB-III","Wnt5a","Fzd2",0.00190364933156507,0,"WNT5A_FZD2","Wnt5a  - Fzd2","ncWNT","Secreted Signaling","KEGG: mmu04310"
"52","TCELL-1","DC-1","Areg","Egfr",6.61531050016777e-06,0,"AREG_EGFR","Areg  - Egfr","EGF","Secreted Signaling","KEGG: mmu04012"
"53","TCELL-1","DC-2","Areg","Egfr",7.96696700327062e-08,0,"AREG_EGFR","Areg  - Egfr","EGF","Secreted Signaling","KEGG: mmu04012"
"54","TCELL-1","DC-3","Areg","Egfr",8.93821633103996e-07,0,"AREG_EGFR","Areg  - Egfr","EGF","Secreted Signaling","KEGG: mmu04012"
"55","TCELL-1","FIB-III","Areg","Egfr",9.89902566584867e-05,0,"AREG_EGFR","Areg  - Egfr","EGF","Secreted Signaling","KEGG: mmu04012"
"56","TCELL-1","MAC-1","Areg","Egfr",5.0523490942332e-05,0,"AREG_EGFR","Areg  - Egfr","EGF","Secreted Signaling","KEGG: mmu04012"
"57","TCELL-1","MAC-2","Areg","Egfr",7.10403528585831e-05,0,"AREG_EGFR","Areg  - Egfr","EGF","Secreted Signaling","KEGG: mmu04012"
"58","TCELL-1","MAC-3","Areg","Egfr",3.70016997697674e-05,0,"AREG_EGFR","Areg  - Egfr","EGF","Secreted Signaling","KEGG: mmu04012"
"59","TCELL-1","TCELL-1","Areg","Egfr",2.65921973125581e-07,0,"AREG_EGFR","Areg  - Egfr","EGF","Secreted Signaling","KEGG: mmu04012"
"60","FIB-III","FIB-III","Igf1","Igf1r",9.37293205388572e-05,0,"IGF1_IGF1R","Igf1  - Igf1r","IGF","Secreted Signaling","PMID: 14604834"
"61","MAC-1","FIB-III","Igf1","Igf1r",0.00130701438890148,0,"IGF1_IGF1R","Igf1  - Igf1r","IGF","Secreted Signaling","PMID: 14604834"
"62","MAC-2","FIB-III","Igf1","Igf1r",0.00106905580511643,0,"IGF1_IGF1R","Igf1  - Igf1r","IGF","Secreted Signaling","PMID: 14604834"
"63","MAC-1","MAC-1","Igf1","Igf1r",0.000604023536796366,0,"IGF1_IGF1R","Igf1  - Igf1r","IGF","Secreted Signaling","PMID: 14604834"
"64","MAC-2","MAC-1","Igf1","Igf1r",0.000494806327537173,0.02,"IGF1_IGF1R","Igf1  - Igf1r","IGF","Secreted Signaling","PMID: 14604834"
"65","FIB-III","MAC-2","Igf1","Igf1r",0.00044154885514577,0.02,"IGF1_IGF1R","Igf1  - Igf1r","IGF","Secreted Signaling","PMID: 14604834"
"66","MAC-1","MAC-2","Igf1","Igf1r",0.00611738140287093,0,"IGF1_IGF1R","Igf1  - Igf1r","IGF","Secreted Signaling","PMID: 14604834"
"67","MAC-2","MAC-2","Igf1","Igf1r",0.00498887649939398,0,"IGF1_IGF1R","Igf1  - Igf1r","IGF","Secreted Signaling","PMID: 14604834"
"68","MAC-1","MAC-3","Igf1","Igf1r",0.000411156971118558,0.03,"IGF1_IGF1R","Igf1  - Igf1r","IGF","Secreted Signaling","PMID: 14604834"
"69","DC-2","MAC-3","Ccl5","Ccr1",0.0113849074781903,0,"CCL5_CCR1","Ccl5  - Ccr1","CCL","Secreted Signaling","KEGG: mmu04060"
"70","MAC-3","MAC-3","Ccl5","Ccr1",0.000550269340753265,0,"CCL5_CCR1","Ccl5  - Ccr1","CCL","Secreted Signaling","KEGG: mmu04060"
"71","DC-1","MAC-3","Ccl3","Ccr1",0.00213707526026806,0,"CCL3_CCR1","Ccl3  - Ccr1","CCL","Secreted Signaling","KEGG: mmu04060"
"72","MAC-1","MAC-3","Ccl3","Ccr1",0.00230546923803928,0,"CCL3_CCR1","Ccl3  - Ccr1","CCL","Secreted Signaling","KEGG: mmu04060"
"73","MAC-3","MAC-3","Ccl3","Ccr1",0.01546579057561,0,"CCL3_CCR1","Ccl3  - Ccr1","CCL","Secreted Signaling","KEGG: mmu04060"
"74","FIB-III","MAC-3","Ccl8","Ccr1",0.000938025321503178,0,"CCL8_CCR1","Ccl8  - Ccr1","CCL","Secreted Signaling","KEGG: mmu04060"
"75","MAC-1","MAC-3","Ccl8","Ccr1",0.0196778173705524,0,"CCL8_CCR1","Ccl8  - Ccr1","CCL","Secreted Signaling","KEGG: mmu04060"
"76","MAC-2","MAC-3","Ccl8","Ccr1",0.0211779928161754,0,"CCL8_CCR1","Ccl8  - Ccr1","CCL","Secreted Signaling","KEGG: mmu04060"
"77","DC-1","MAC-3","Ccl9","Ccr1",0.0055991914705288,0,"CCL9_CCR1","Ccl9  - Ccr1","CCL","Secreted Signaling","KEGG: mmu04060"
"78","MAC-1","MAC-3","Ccl9","Ccr1",0.00829528872107046,0,"CCL9_CCR1","Ccl9  - Ccr1","CCL","Secreted Signaling","KEGG: mmu04060"
"79","MAC-2","MAC-3","Ccl9","Ccr1",0.00585047246421699,0,"CCL9_CCR1","Ccl9  - Ccr1","CCL","Secreted Signaling","KEGG: mmu04060"
"80","MAC-3","MAC-3","Ccl9","Ccr1",0.0150753947056001,0,"CCL9_CCR1","Ccl9  - Ccr1","CCL","Secreted Signaling","KEGG: mmu04060"
"81","MAC-1","MAC-3","Ccl6","Ccr1",0.00510180899318951,0,"CCL6_CCR1","Ccl6  - Ccr1","CCL","Secreted Signaling","KEGG: mmu04060"
"82","MAC-2","MAC-3","Ccl6","Ccr1",0.00486730280787017,0,"CCL6_CCR1","Ccl6  - Ccr1","CCL","Secreted Signaling","KEGG: mmu04060"
"83","MAC-3","MAC-3","Ccl6","Ccr1",0.0142449415002098,0,"CCL6_CCR1","Ccl6  - Ccr1","CCL","Secreted Signaling","KEGG: mmu04060"
"84","DC-1","MAC-3","Ccl7","Ccr1",0.000799850412678914,0,"CCL7_CCR1","Ccl7  - Ccr1","CCL","Secreted Signaling","KEGG: mmu04060"
"85","DC-3","MAC-3","Ccl7","Ccr1",0.00121804184907021,0,"CCL7_CCR1","Ccl7  - Ccr1","CCL","Secreted Signaling","KEGG: mmu04060"
"86","FIB-III","MAC-3","Ccl7","Ccr1",0.00468360814366837,0,"CCL7_CCR1","Ccl7  - Ccr1","CCL","Secreted Signaling","KEGG: mmu04060"
"87","MAC-1","MAC-3","Ccl7","Ccr1",0.0126917554598428,0,"CCL7_CCR1","Ccl7  - Ccr1","CCL","Secreted Signaling","KEGG: mmu04060"
"88","MAC-2","MAC-3","Ccl7","Ccr1",0.0156732596184656,0,"CCL7_CCR1","Ccl7  - Ccr1","CCL","Secreted Signaling","KEGG: mmu04060"
"89","MAC-3","MAC-3","Ccl7","Ccr1",0.000947098051599431,0,"CCL7_CCR1","Ccl7  - Ccr1","CCL","Secreted Signaling","KEGG: mmu04060"
"90","FIB-III","DC-1","Ccl8","Ccr2",0.00219926898021351,0,"CCL8_CCR2","Ccl8  - Ccr2","CCL","Secreted Signaling","KEGG: mmu04060"
"91","MAC-1","DC-1","Ccl8","Ccr2",0.0450011233255544,0,"CCL8_CCR2","Ccl8  - Ccr2","CCL","Secreted Signaling","KEGG: mmu04060"
"92","MAC-2","DC-1","Ccl8","Ccr2",0.0483366781887014,0,"CCL8_CCR2","Ccl8  - Ccr2","CCL","Secreted Signaling","KEGG: mmu04060"
"93","FIB-III","DC-3","Ccl8","Ccr2",0.00552603120518727,0,"CCL8_CCR2","Ccl8  - Ccr2","CCL","Secreted Signaling","KEGG: mmu04060"
"94","MAC-1","DC-3","Ccl8","Ccr2",0.106182889802696,0,"CCL8_CCR2","Ccl8  - Ccr2","CCL","Secreted Signaling","KEGG: mmu04060"
"95","MAC-2","DC-3","Ccl8","Ccr2",0.113514302641438,0,"CCL8_CCR2","Ccl8  - Ccr2","CCL","Secreted Signaling","KEGG: mmu04060"
"96","FIB-III","MAC-1","Ccl8","Ccr2",0.00194838966625108,0,"CCL8_CCR2","Ccl8  - Ccr2","CCL","Secreted Signaling","KEGG: mmu04060"
"97","MAC-1","MAC-1","Ccl8","Ccr2",0.0400637124533764,0,"CCL8_CCR2","Ccl8  - Ccr2","CCL","Secreted Signaling","KEGG: mmu04060"
"98","MAC-2","MAC-1","Ccl8","Ccr2",0.0430497958425712,0,"CCL8_CCR2","Ccl8  - Ccr2","CCL","Secreted Signaling","KEGG: mmu04060"
"99","FIB-III","MAC-3","Ccl8","Ccr2",0.00941205819571469,0,"CCL8_CCR2","Ccl8  - Ccr2","CCL","Secreted Signaling","KEGG: mmu04060"
"100","MAC-1","MAC-3","Ccl8","Ccr2",0.168835741453914,0,"CCL8_CCR2","Ccl8  - Ccr2","CCL","Secreted Signaling","KEGG: mmu04060"
"101","MAC-2","MAC-3","Ccl8","Ccr2",0.179623690878261,0,"CCL8_CCR2","Ccl8  - Ccr2","CCL","Secreted Signaling","KEGG: mmu04060"
"102","FIB-III","TCELL-1","Ccl8","Ccr2",0.00239206737054861,0,"CCL8_CCR2","Ccl8  - Ccr2","CCL","Secreted Signaling","KEGG: mmu04060"
"103","MAC-1","TCELL-1","Ccl8","Ccr2",0.0487627644353325,0,"CCL8_CCR2","Ccl8  - Ccr2","CCL","Secreted Signaling","KEGG: mmu04060"
"104","MAC-2","TCELL-1","Ccl8","Ccr2",0.0523618507020076,0,"CCL8_CCR2","Ccl8  - Ccr2","CCL","Secreted Signaling","KEGG: mmu04060"
"105","MAC-1","DC-1","Ccl6","Ccr2",0.0118949080602655,0,"CCL6_CCR2","Ccl6  - Ccr2","CCL","Secreted Signaling","KEGG: mmu04060"
"106","MAC-2","DC-1","Ccl6","Ccr2",0.0113517177468437,0,"CCL6_CCR2","Ccl6  - Ccr2","CCL","Secreted Signaling","KEGG: mmu04060"
"107","MAC-3","DC-1","Ccl6","Ccr2",0.0328107030304938,0,"CCL6_CCR2","Ccl6  - Ccr2","CCL","Secreted Signaling","KEGG: mmu04060"
"108","MAC-1","DC-3","Ccl6","Ccr2",0.029454998962883,0,"CCL6_CCR2","Ccl6  - Ccr2","CCL","Secreted Signaling","KEGG: mmu04060"
"109","MAC-2","DC-3","Ccl6","Ccr2",0.0281327444048977,0,"CCL6_CCR2","Ccl6  - Ccr2","CCL","Secreted Signaling","KEGG: mmu04060"
"110","MAC-3","DC-3","Ccl6","Ccr2",0.0787861528095394,0,"CCL6_CCR2","Ccl6  - Ccr2","CCL","Secreted Signaling","KEGG: mmu04060"
"111","MAC-1","MAC-1","Ccl6","Ccr2",0.0105497027350315,0,"CCL6_CCR2","Ccl6  - Ccr2","CCL","Secreted Signaling","KEGG: mmu04060"
"112","MAC-2","MAC-1","Ccl6","Ccr2",0.0100673164001231,0,"CCL6_CCR2","Ccl6  - Ccr2","CCL","Secreted Signaling","KEGG: mmu04060"
"113","MAC-3","MAC-1","Ccl6","Ccr2",0.0291699413169189,0,"CCL6_CCR2","Ccl6  - Ccr2","CCL","Secreted Signaling","KEGG: mmu04060"
"114","MAC-1","MAC-3","Ccl6","Ccr2",0.0493336350355547,0,"CCL6_CCR2","Ccl6  - Ccr2","CCL","Secreted Signaling","KEGG: mmu04060"
"115","MAC-2","MAC-3","Ccl6","Ccr2",0.0471623785739121,0,"CCL6_CCR2","Ccl6  - Ccr2","CCL","Secreted Signaling","KEGG: mmu04060"
"116","MAC-3","MAC-3","Ccl6","Ccr2",0.127581052097985,0,"CCL6_CCR2","Ccl6  - Ccr2","CCL","Secreted Signaling","KEGG: mmu04060"
"117","MAC-1","TCELL-1","Ccl6","Ccr2",0.0129266608989651,0,"CCL6_CCR2","Ccl6  - Ccr2","CCL","Secreted Signaling","KEGG: mmu04060"
"118","MAC-2","TCELL-1","Ccl6","Ccr2",0.012336943044602,0,"CCL6_CCR2","Ccl6  - Ccr2","CCL","Secreted Signaling","KEGG: mmu04060"
"119","MAC-3","TCELL-1","Ccl6","Ccr2",0.0355913240785148,0,"CCL6_CCR2","Ccl6  - Ccr2","CCL","Secreted Signaling","KEGG: mmu04060"
"120","DC-1","DC-1","Ccl7","Ccr2",0.00187565659779253,0,"CCL7_CCR2","Ccl7  - Ccr2","CCL","Secreted Signaling","KEGG: mmu04060"
"121","DC-3","DC-1","Ccl7","Ccr2",0.00285471239544835,0,"CCL7_CCR2","Ccl7  - Ccr2","CCL","Secreted Signaling","KEGG: mmu04060"
"122","FIB-III","DC-1","Ccl7","Ccr2",0.0109259846677895,0,"CCL7_CCR2","Ccl7  - Ccr2","CCL","Secreted Signaling","KEGG: mmu04060"
"123","MAC-1","DC-1","Ccl7","Ccr2",0.0292933692975581,0,"CCL7_CCR2","Ccl7  - Ccr2","CCL","Secreted Signaling","KEGG: mmu04060"
"124","MAC-2","DC-1","Ccl7","Ccr2",0.0360325351293424,0,"CCL7_CCR2","Ccl7  - Ccr2","CCL","Secreted Signaling","KEGG: mmu04060"
"125","MAC-3","DC-1","Ccl7","Ccr2",0.0022205135462041,0,"CCL7_CCR2","Ccl7  - Ccr2","CCL","Secreted Signaling","KEGG: mmu04060"
"126","DC-1","DC-3","Ccl7","Ccr2",0.00471521422975864,0.02,"CCL7_CCR2","Ccl7  - Ccr2","CCL","Secreted Signaling","KEGG: mmu04060"
"127","DC-3","DC-3","Ccl7","Ccr2",0.00716582208668671,0.01,"CCL7_CCR2","Ccl7  - Ccr2","CCL","Secreted Signaling","KEGG: mmu04060"
"128","FIB-III","DC-3","Ccl7","Ccr2",0.0270949063361069,0,"CCL7_CCR2","Ccl7  - Ccr2","CCL","Secreted Signaling","KEGG: mmu04060"
"129","MAC-1","DC-3","Ccl7","Ccr2",0.0707004896095795,0,"CCL7_CCR2","Ccl7  - Ccr2","CCL","Secreted Signaling","KEGG: mmu04060"
"130","MAC-2","DC-3","Ccl7","Ccr2",0.0861205394833588,0,"CCL7_CCR2","Ccl7  - Ccr2","CCL","Secreted Signaling","KEGG: mmu04060"
"131","MAC-3","DC-3","Ccl7","Ccr2",0.00557923204185531,0.03,"CCL7_CCR2","Ccl7  - Ccr2","CCL","Secreted Signaling","KEGG: mmu04060"
"132","DC-1","MAC-1","Ccl7","Ccr2",0.00166163155309484,0,"CCL7_CCR2","Ccl7  - Ccr2","CCL","Secreted Signaling","KEGG: mmu04060"
"133","DC-3","MAC-1","Ccl7","Ccr2",0.00252925358449474,0,"CCL7_CCR2","Ccl7  - Ccr2","CCL","Secreted Signaling","KEGG: mmu04060"
"134","FIB-III","MAC-1","Ccl7","Ccr2",0.00968928122028738,0,"CCL7_CCR2","Ccl7  - Ccr2","CCL","Secreted Signaling","KEGG: mmu04060"
"135","MAC-1","MAC-1","Ccl7","Ccr2",0.0260323952408405,0,"CCL7_CCR2","Ccl7  - Ccr2","CCL","Secreted Signaling","KEGG: mmu04060"
"136","MAC-2","MAC-1","Ccl7","Ccr2",0.0320461157020985,0,"CCL7_CCR2","Ccl7  - Ccr2","CCL","Secreted Signaling","KEGG: mmu04060"
"137","MAC-3","MAC-1","Ccl7","Ccr2",0.00196721555850508,0,"CCL7_CCR2","Ccl7  - Ccr2","CCL","Secreted Signaling","KEGG: mmu04060"
"138","DC-1","MAC-3","Ccl7","Ccr2",0.00803566411497816,0,"CCL7_CCR2","Ccl7  - Ccr2","CCL","Secreted Signaling","KEGG: mmu04060"
"139","DC-3","MAC-3","Ccl7","Ccr2",0.0121908503449489,0.01,"CCL7_CCR2","Ccl7  - Ccr2","CCL","Secreted Signaling","KEGG: mmu04060"
"140","FIB-III","MAC-3","Ccl7","Ccr2",0.0454553571807365,0,"CCL7_CCR2","Ccl7  - Ccr2","CCL","Secreted Signaling","KEGG: mmu04060"
"141","MAC-1","MAC-3","Ccl7","Ccr2",0.115113424237148,0,"CCL7_CCR2","Ccl7  - Ccr2","CCL","Secreted Signaling","KEGG: mmu04060"
"142","MAC-2","MAC-3","Ccl7","Ccr2",0.13877358838639,0,"CCL7_CCR2","Ccl7  - Ccr2","CCL","Secreted Signaling","KEGG: mmu04060"
"143","MAC-3","MAC-3","Ccl7","Ccr2",0.00950231355779572,0,"CCL7_CCR2","Ccl7  - Ccr2","CCL","Secreted Signaling","KEGG: mmu04060"
"144","DC-1","TCELL-1","Ccl7","Ccr2",0.0020401435910702,0,"CCL7_CCR2","Ccl7  - Ccr2","CCL","Secreted Signaling","KEGG: mmu04060"
"145","DC-3","TCELL-1","Ccl7","Ccr2",0.00310479128405343,0,"CCL7_CCR2","Ccl7  - Ccr2","CCL","Secreted Signaling","KEGG: mmu04060"
"146","FIB-III","TCELL-1","Ccl7","Ccr2",0.0118747040324421,0,"CCL7_CCR2","Ccl7  - Ccr2","CCL","Secreted Signaling","KEGG: mmu04060"
"147","MAC-1","TCELL-1","Ccl7","Ccr2",0.0317857017915957,0,"CCL7_CCR2","Ccl7  - Ccr2","CCL","Secreted Signaling","KEGG: mmu04060"
"148","MAC-2","TCELL-1","Ccl7","Ccr2",0.0390751669070033,0,"CCL7_CCR2","Ccl7  - Ccr2","CCL","Secreted Signaling","KEGG: mmu04060"
"149","MAC-3","TCELL-1","Ccl7","Ccr2",0.00241516982842117,0,"CCL7_CCR2","Ccl7  - Ccr2","CCL","Secreted Signaling","KEGG: mmu04060"
"150","DC-1","DC-1","Ccl2","Ccr2",0.00231865326584335,0,"CCL2_CCR2","Ccl2  - Ccr2","CCL","Secreted Signaling","KEGG: mmu04060"
"151","MAC-1","DC-1","Ccl2","Ccr2",0.0211276601093001,0,"CCL2_CCR2","Ccl2  - Ccr2","CCL","Secreted Signaling","KEGG: mmu04060"
"152","MAC-2","DC-1","Ccl2","Ccr2",0.0063679791473255,0,"CCL2_CCR2","Ccl2  - Ccr2","CCL","Secreted Signaling","KEGG: mmu04060"
"153","MAC-3","DC-1","Ccl2","Ccr2",0.0114539763999468,0,"CCL2_CCR2","Ccl2  - Ccr2","CCL","Secreted Signaling","KEGG: mmu04060"
"154","DC-1","DC-3","Ccl2","Ccr2",0.00582494995465499,0,"CCL2_CCR2","Ccl2  - Ccr2","CCL","Secreted Signaling","KEGG: mmu04060"
"155","MAC-1","DC-3","Ccl2","Ccr2",0.0516059241552783,0,"CCL2_CCR2","Ccl2  - Ccr2","CCL","Secreted Signaling","KEGG: mmu04060"
"156","MAC-2","DC-3","Ccl2","Ccr2",0.0159001276840307,0,"CCL2_CCR2","Ccl2  - Ccr2","CCL","Secreted Signaling","KEGG: mmu04060"
"157","MAC-3","DC-3","Ccl2","Ccr2",0.0283818304050043,0,"CCL2_CCR2","Ccl2  - Ccr2","CCL","Secreted Signaling","KEGG: mmu04060"
"158","DC-1","MAC-1","Ccl2","Ccr2",0.00205418335091578,0,"CCL2_CCR2","Ccl2  - Ccr2","CCL","Secreted Signaling","KEGG: mmu04060"
"159","MAC-1","MAC-1","Ccl2","Ccr2",0.0187581368562422,0,"CCL2_CCR2","Ccl2  - Ccr2","CCL","Secreted Signaling","KEGG: mmu04060"
"160","MAC-2","MAC-1","Ccl2","Ccr2",0.00564424856022765,0,"CCL2_CCR2","Ccl2  - Ccr2","CCL","Secreted Signaling","KEGG: mmu04060"
"161","MAC-3","MAC-1","Ccl2","Ccr2",0.0101581237772297,0,"CCL2_CCR2","Ccl2  - Ccr2","CCL","Secreted Signaling","KEGG: mmu04060"
"162","DC-1","MAC-3","Ccl2","Ccr2",0.0099190865607166,0,"CCL2_CCR2","Ccl2  - Ccr2","CCL","Secreted Signaling","KEGG: mmu04060"
"163","MAC-1","MAC-3","Ccl2","Ccr2",0.0851226716656068,0,"CCL2_CCR2","Ccl2  - Ccr2","CCL","Secreted Signaling","KEGG: mmu04060"
"164","MAC-2","MAC-3","Ccl2","Ccr2",0.0268842298852896,0,"CCL2_CCR2","Ccl2  - Ccr2","CCL","Secreted Signaling","KEGG: mmu04060"
"165","MAC-3","MAC-3","Ccl2","Ccr2",0.0475717048078485,0,"CCL2_CCR2","Ccl2  - Ccr2","CCL","Secreted Signaling","KEGG: mmu04060"
"166","DC-1","TCELL-1","Ccl2","Ccr2",0.00252189099932077,0,"CCL2_CCR2","Ccl2  - Ccr2","CCL","Secreted Signaling","KEGG: mmu04060"
"167","MAC-1","TCELL-1","Ccl2","Ccr2",0.0229416591755812,0,"CCL2_CCR2","Ccl2  - Ccr2","CCL","Secreted Signaling","KEGG: mmu04060"
"168","MAC-2","TCELL-1","Ccl2","Ccr2",0.00692369068698251,0,"CCL2_CCR2","Ccl2  - Ccr2","CCL","Secreted Signaling","KEGG: mmu04060"
"169","MAC-3","TCELL-1","Ccl2","Ccr2",0.0124479650680792,0,"CCL2_CCR2","Ccl2  - Ccr2","CCL","Secreted Signaling","KEGG: mmu04060"
"170","MAC-1","DC-1","Ccl12","Ccr2",0.0042640456777608,0,"CCL12_CCR2","Ccl12  - Ccr2","CCL","Secreted Signaling","KEGG: mmu04060"
"171","MAC-1","DC-3","Ccl12","Ccr2",0.0106806952939346,0,"CCL12_CCR2","Ccl12  - Ccr2","CCL","Secreted Signaling","KEGG: mmu04060"
"172","MAC-1","MAC-1","Ccl12","Ccr2",0.00377852106071119,0,"CCL12_CCR2","Ccl12  - Ccr2","CCL","Secreted Signaling","KEGG: mmu04060"
"173","MAC-1","MAC-3","Ccl12","Ccr2",0.0181255278925146,0,"CCL12_CCR2","Ccl12  - Ccr2","CCL","Secreted Signaling","KEGG: mmu04060"
"174","MAC-1","TCELL-1","Ccl12","Ccr2",0.00463701103774964,0,"CCL12_CCR2","Ccl12  - Ccr2","CCL","Secreted Signaling","KEGG: mmu04060"
"175","DC-1","MAC-2","Ccl4","Ccr5",0.0140829520272543,0,"CCL4_CCR5","Ccl4  - Ccr5","CCL","Secreted Signaling","KEGG: mmu04060"
"176","MAC-1","MAC-2","Ccl4","Ccr5",0.00614023311654166,0,"CCL4_CCR5","Ccl4  - Ccr5","CCL","Secreted Signaling","KEGG: mmu04060"
"177","MAC-2","MAC-2","Ccl4","Ccr5",0.00927006692263872,0,"CCL4_CCR5","Ccl4  - Ccr5","CCL","Secreted Signaling","KEGG: mmu04060"
"178","MAC-3","MAC-2","Ccl4","Ccr5",0.04241901875339,0,"CCL4_CCR5","Ccl4  - Ccr5","CCL","Secreted Signaling","KEGG: mmu04060"
"179","DC-2","MAC-2","Ccl5","Ccr5",0.0355752439953347,0,"CCL5_CCR5","Ccl5  - Ccr5","CCL","Secreted Signaling","KEGG: mmu04060"
"180","MAC-3","MAC-2","Ccl5","Ccr5",0.00176046095227802,0,"CCL5_CCR5","Ccl5  - Ccr5","CCL","Secreted Signaling","KEGG: mmu04060"
"181","DC-1","MAC-2","Ccl3","Ccr5",0.00681329347628293,0,"CCL3_CCR5","Ccl3  - Ccr5","CCL","Secreted Signaling","KEGG: mmu04060"
"182","MAC-1","MAC-2","Ccl3","Ccr5",0.00734744381619918,0,"CCL3_CCR5","Ccl3  - Ccr5","CCL","Secreted Signaling","KEGG: mmu04060"
"183","MAC-3","MAC-2","Ccl3","Ccr5",0.0479068927406319,0,"CCL3_CCR5","Ccl3  - Ccr5","CCL","Secreted Signaling","KEGG: mmu04060"
"184","FIB-III","MAC-2","Ccl8","Ccr5",0.00299843914464823,0,"CCL8_CCR5","Ccl8  - Ccr5","CCL","Secreted Signaling","KEGG: mmu04060"
"185","MAC-1","MAC-2","Ccl8","Ccr5",0.0604119492492686,0,"CCL8_CCR5","Ccl8  - Ccr5","CCL","Secreted Signaling","KEGG: mmu04060"
"186","MAC-2","MAC-2","Ccl8","Ccr5",0.0648122570566705,0,"CCL8_CCR5","Ccl8  - Ccr5","CCL","Secreted Signaling","KEGG: mmu04060"
"187","FIB-III","DC-2","Ccl19","Ccr7",0.0840434830087632,0,"CCL19_CCR7","Ccl19  - Ccr7","CCL","Secreted Signaling","KEGG: mmu04060"
"188","DC-1","FIB-III","Ccl2","Ackr1",0.00153905638018192,0.02,"CCL2_ACKR1","Ccl2  - Ackr1","CCL","Secreted Signaling","PMID: 26740381"
"189","MAC-1","FIB-III","Ccl2","Ackr1",0.0141134048129949,0,"CCL2_ACKR1","Ccl2  - Ackr1","CCL","Secreted Signaling","PMID: 26740381"
"190","MAC-3","FIB-III","Ccl2","Ackr1",0.0076263042376846,0.04,"CCL2_ACKR1","Ccl2  - Ackr1","CCL","Secreted Signaling","PMID: 26740381"
"191","DC-2","FIB-III","Ccl5","Ackr1",0.0176147304443089,0,"CCL5_ACKR1","Ccl5  - Ackr1","CCL","Secreted Signaling","PMID: 26740381"
"192","MAC-3","FIB-III","Ccl5","Ackr1",0.000856513303365286,0,"CCL5_ACKR1","Ccl5  - Ackr1","CCL","Secreted Signaling","PMID: 26740381"
"193","FIB-III","FIB-III","Ccl7","Ackr1",0.00727345774410528,0,"CCL7_ACKR1","Ccl7  - Ackr1","CCL","Secreted Signaling","PMID: 26740381"
"194","MAC-1","FIB-III","Ccl7","Ackr1",0.0196224920403442,0,"CCL7_ACKR1","Ccl7  - Ackr1","CCL","Secreted Signaling","PMID: 26740381"
"195","MAC-2","FIB-III","Ccl7","Ackr1",0.0241922465125017,0.01,"CCL7_ACKR1","Ccl7  - Ackr1","CCL","Secreted Signaling","PMID: 26740381"
"196","FIB-III","FIB-III","Ccl8","Ackr1",0.0014597537407617,0,"CCL8_ACKR1","Ccl8  - Ackr1","CCL","Secreted Signaling","PMID: 26740381"
"197","MAC-1","FIB-III","Ccl8","Ackr1",0.0303064111278704,0,"CCL8_ACKR1","Ccl8  - Ackr1","CCL","Secreted Signaling","PMID: 26740381"
"198","MAC-2","FIB-III","Ccl8","Ackr1",0.0325899400246968,0,"CCL8_ACKR1","Ccl8  - Ackr1","CCL","Secreted Signaling","PMID: 26740381"
"199","FIB-III","FIB-III","Ccl11","Ackr1",0.00909579314028358,0,"CCL11_ACKR1","Ccl11  - Ackr1","CCL","Secreted Signaling","PMID: 26740381"
"200","DC-2","FIB-III","Ccl17","Ackr1",0.000772443059679328,0.01,"CCL17_ACKR1","Ccl17  - Ackr1","CCL","Secreted Signaling","PMID: 26740381"
"201","MAC-1","DC-3","Pf4","Cxcr3",0.0161444795259334,0,"CXCL4_CXCR3","Cxcl4  - Cxcr3","CXCL","Secreted Signaling","KEGG: mmu04060"
"202","MAC-2","DC-3","Pf4","Cxcr3",0.0209993520759885,0,"CXCL4_CXCR3","Cxcl4  - Cxcr3","CXCL","Secreted Signaling","KEGG: mmu04060"
"203","DC-3","DC-3","Cxcl10","Cxcr3",0.0012544932831796,0,"CXCL10_CXCR3","Cxcl10  - Cxcr3","CXCL","Secreted Signaling","KEGG: mmu04060"
"204","MAC-3","DC-3","Cxcl10","Cxcr3",0.000677155303058063,0,"CXCL10_CXCR3","Cxcl10  - Cxcr3","CXCL","Secreted Signaling","KEGG: mmu04060"
"205","MAC-1","DC-3","Pf4","Cxcr3",0.0161444795259334,0,"PF4_CXCR3","Pf4  - Cxcr3","CXCL","Secreted Signaling","KEGG: mmu04060"
"206","MAC-2","DC-3","Pf4","Cxcr3",0.0209993520759885,0,"PF4_CXCR3","Pf4  - Cxcr3","CXCL","Secreted Signaling","KEGG: mmu04060"
"207","MAC-2","DC-1","Cxcl12","Cxcr4",0.000972254816582923,0,"CXCL12_CXCR4","Cxcl12  - Cxcr4","CXCL","Secreted Signaling","KEGG: mmu04060"
"208","MAC-2","DC-3","Cxcl12","Cxcr4",0.00112944106257619,0,"CXCL12_CXCR4","Cxcl12  - Cxcr4","CXCL","Secreted Signaling","KEGG: mmu04060"
"209","MAC-2","MAC-2","Cxcl12","Cxcr4",0.000421962704319277,0.04,"CXCL12_CXCR4","Cxcl12  - Cxcr4","CXCL","Secreted Signaling","KEGG: mmu04060"
"210","MAC-2","MAC-3","Cxcl12","Cxcr4",0.00417133485402582,0.01,"CXCL12_CXCR4","Cxcl12  - Cxcr4","CXCL","Secreted Signaling","KEGG: mmu04060"
"211","MAC-2","TCELL-1","Cxcl12","Cxcr4",0.000152821600700257,0,"CXCL12_CXCR4","Cxcl12  - Cxcr4","CXCL","Secreted Signaling","KEGG: mmu04060"
"212","DC-1","TCELL-1","Cxcl16","Cxcr6",0.0159965420817273,0,"CXCL16_CXCR6","Cxcl16  - Cxcr6","CXCL","Secreted Signaling","KEGG: mmu04060"
"213","DC-2","TCELL-1","Cxcl16","Cxcr6",0.0980548096843306,0,"CXCL16_CXCR6","Cxcl16  - Cxcr6","CXCL","Secreted Signaling","KEGG: mmu04060"
"214","DC-3","TCELL-1","Cxcl16","Cxcr6",0.0706715256539957,0,"CXCL16_CXCR6","Cxcl16  - Cxcr6","CXCL","Secreted Signaling","KEGG: mmu04060"
"215","MAC-3","TCELL-1","Cxcl16","Cxcr6",0.00528966319772077,0,"CXCL16_CXCR6","Cxcl16  - Cxcr6","CXCL","Secreted Signaling","KEGG: mmu04060"
"216","DC-1","TCELL-2","Cxcl16","Cxcr6",0.00536408049364018,0,"CXCL16_CXCR6","Cxcl16  - Cxcr6","CXCL","Secreted Signaling","KEGG: mmu04060"
"217","DC-2","TCELL-2","Cxcl16","Cxcr6",0.0348099383867492,0,"CXCL16_CXCR6","Cxcl16  - Cxcr6","CXCL","Secreted Signaling","KEGG: mmu04060"
"218","DC-3","TCELL-2","Cxcl16","Cxcr6",0.024606881029373,0,"CXCL16_CXCR6","Cxcl16  - Cxcr6","CXCL","Secreted Signaling","KEGG: mmu04060"
"219","MAC-3","TCELL-2","Cxcl16","Cxcr6",0.00176103329639926,0,"CXCL16_CXCR6","Cxcl16  - Cxcr6","CXCL","Secreted Signaling","KEGG: mmu04060"
"220","MAC-1","FIB-III","Cxcl2","Ackr1",0.00669551582963579,0,"CXCL2_ACKR1","Cxcl2  - Ackr1","CXCL","Secreted Signaling","KEGG: mmu04060"
"221","MAC-2","FIB-III","Cxcl2","Ackr1",0.00590518568315962,0,"CXCL2_ACKR1","Cxcl2  - Ackr1","CXCL","Secreted Signaling","KEGG: mmu04060"
"222","MAC-3","FIB-III","Cxcl2","Ackr1",0.00980879001237332,0,"CXCL2_ACKR1","Cxcl2  - Ackr1","CXCL","Secreted Signaling","KEGG: mmu04060"
"223","MAC-2","FIB-III","Cxcl3","Ackr1",0.000992579041694499,0,"CXCL3_ACKR1","Cxcl3  - Ackr1","CXCL","Secreted Signaling","KEGG: mmu04060"
"224","DC-3","FIB-III","Cxcl10","Ackr1",0.00209520780481696,0,"CXCL10_ACKR1","Cxcl10  - Ackr1","CXCL","Secreted Signaling","KEGG: mmu04060"
"225","MAC-3","FIB-III","Cxcl10","Ackr1",0.00113139778319738,0.02,"CXCL10_ACKR1","Cxcl10  - Ackr1","CXCL","Secreted Signaling","KEGG: mmu04060"
"226","DC-1","DC-1","Mif","CD74_CXCR4",0.035766573754353,0,"MIF_CD74_CXCR4","Mif  - (Cd74+Cxcr4)","MIF","Secreted Signaling","PMID: 29637711; PMID: 24760155"
"227","DC-3","DC-1","Mif","CD74_CXCR4",0.0422754970874434,0,"MIF_CD74_CXCR4","Mif  - (Cd74+Cxcr4)","MIF","Secreted Signaling","PMID: 29637711; PMID: 24760155"
"228","FIB-III","DC-1","Mif","CD74_CXCR4",0.044834168951492,0,"MIF_CD74_CXCR4","Mif  - (Cd74+Cxcr4)","MIF","Secreted Signaling","PMID: 29637711; PMID: 24760155"
"229","MAC-1","DC-1","Mif","CD74_CXCR4",0.0196414778124139,0,"MIF_CD74_CXCR4","Mif  - (Cd74+Cxcr4)","MIF","Secreted Signaling","PMID: 29637711; PMID: 24760155"
"230","MAC-2","DC-1","Mif","CD74_CXCR4",0.0355091591401868,0,"MIF_CD74_CXCR4","Mif  - (Cd74+Cxcr4)","MIF","Secreted Signaling","PMID: 29637711; PMID: 24760155"
"231","MAC-3","DC-1","Mif","CD74_CXCR4",0.0118374983652077,0,"MIF_CD74_CXCR4","Mif  - (Cd74+Cxcr4)","MIF","Secreted Signaling","PMID: 29637711; PMID: 24760155"
"232","TCELL-1","DC-1","Mif","CD74_CXCR4",0.0537731139990941,0,"MIF_CD74_CXCR4","Mif  - (Cd74+Cxcr4)","MIF","Secreted Signaling","PMID: 29637711; PMID: 24760155"
"233","TCELL-2","DC-1","Mif","CD74_CXCR4",0.0233659986925973,0,"MIF_CD74_CXCR4","Mif  - (Cd74+Cxcr4)","MIF","Secreted Signaling","PMID: 29637711; PMID: 24760155"
"234","DC-1","DC-3","Mif","CD74_CXCR4",0.0370411383347918,0,"MIF_CD74_CXCR4","Mif  - (Cd74+Cxcr4)","MIF","Secreted Signaling","PMID: 29637711; PMID: 24760155"
"235","DC-3","DC-3","Mif","CD74_CXCR4",0.0437714819080603,0,"MIF_CD74_CXCR4","Mif  - (Cd74+Cxcr4)","MIF","Secreted Signaling","PMID: 29637711; PMID: 24760155"
"236","FIB-III","DC-3","Mif","CD74_CXCR4",0.0464163082260828,0,"MIF_CD74_CXCR4","Mif  - (Cd74+Cxcr4)","MIF","Secreted Signaling","PMID: 29637711; PMID: 24760155"
"237","MAC-1","DC-3","Mif","CD74_CXCR4",0.0203535439031451,0,"MIF_CD74_CXCR4","Mif  - (Cd74+Cxcr4)","MIF","Secreted Signaling","PMID: 29637711; PMID: 24760155"
"238","MAC-2","DC-3","Mif","CD74_CXCR4",0.0367749004414475,0,"MIF_CD74_CXCR4","Mif  - (Cd74+Cxcr4)","MIF","Secreted Signaling","PMID: 29637711; PMID: 24760155"
"239","MAC-3","DC-3","Mif","CD74_CXCR4",0.0122701863813478,0,"MIF_CD74_CXCR4","Mif  - (Cd74+Cxcr4)","MIF","Secreted Signaling","PMID: 29637711; PMID: 24760155"
"240","TCELL-1","DC-3","Mif","CD74_CXCR4",0.0556523177827461,0,"MIF_CD74_CXCR4","Mif  - (Cd74+Cxcr4)","MIF","Secreted Signaling","PMID: 29637711; PMID: 24760155"
"241","TCELL-2","DC-3","Mif","CD74_CXCR4",0.0242097560872499,0,"MIF_CD74_CXCR4","Mif  - (Cd74+Cxcr4)","MIF","Secreted Signaling","PMID: 29637711; PMID: 24760155"
"242","DC-1","MAC-2","Mif","CD74_CXCR4",0.0154817850909341,0.01,"MIF_CD74_CXCR4","Mif  - (Cd74+Cxcr4)","MIF","Secreted Signaling","PMID: 29637711; PMID: 24760155"
"243","DC-3","MAC-2","Mif","CD74_CXCR4",0.0183695396560047,0,"MIF_CD74_CXCR4","Mif  - (Cd74+Cxcr4)","MIF","Secreted Signaling","PMID: 29637711; PMID: 24760155"
"244","FIB-III","MAC-2","Mif","CD74_CXCR4",0.0195108090632546,0.01,"MIF_CD74_CXCR4","Mif  - (Cd74+Cxcr4)","MIF","Secreted Signaling","PMID: 29637711; PMID: 24760155"
"245","MAC-2","MAC-2","Mif","CD74_CXCR4",0.0153680347471791,0,"MIF_CD74_CXCR4","Mif  - (Cd74+Cxcr4)","MIF","Secreted Signaling","PMID: 29637711; PMID: 24760155"
"246","TCELL-1","MAC-2","Mif","CD74_CXCR4",0.0235251863273863,0,"MIF_CD74_CXCR4","Mif  - (Cd74+Cxcr4)","MIF","Secreted Signaling","PMID: 29637711; PMID: 24760155"
"247","TCELL-2","MAC-2","Mif","CD74_CXCR4",0.0100408826260501,0.02,"MIF_CD74_CXCR4","Mif  - (Cd74+Cxcr4)","MIF","Secreted Signaling","PMID: 29637711; PMID: 24760155"
"248","DC-1","MAC-3","Mif","CD74_CXCR4",0.0421713413948787,0,"MIF_CD74_CXCR4","Mif  - (Cd74+Cxcr4)","MIF","Secreted Signaling","PMID: 29637711; PMID: 24760155"
"249","DC-3","MAC-3","Mif","CD74_CXCR4",0.0497856455440921,0,"MIF_CD74_CXCR4","Mif  - (Cd74+Cxcr4)","MIF","Secreted Signaling","PMID: 29637711; PMID: 24760155"
"250","FIB-III","MAC-3","Mif","CD74_CXCR4",0.0527738129985676,0,"MIF_CD74_CXCR4","Mif  - (Cd74+Cxcr4)","MIF","Secreted Signaling","PMID: 29637711; PMID: 24760155"
"251","MAC-1","MAC-3","Mif","CD74_CXCR4",0.023228263742372,0,"MIF_CD74_CXCR4","Mif  - (Cd74+Cxcr4)","MIF","Secreted Signaling","PMID: 29637711; PMID: 24760155"
"252","MAC-2","MAC-3","Mif","CD74_CXCR4",0.0418698328100533,0,"MIF_CD74_CXCR4","Mif  - (Cd74+Cxcr4)","MIF","Secreted Signaling","PMID: 29637711; PMID: 24760155"
"253","MAC-3","MAC-3","Mif","CD74_CXCR4",0.0140195571435446,0.01,"MIF_CD74_CXCR4","Mif  - (Cd74+Cxcr4)","MIF","Secreted Signaling","PMID: 29637711; PMID: 24760155"
"254","TCELL-1","MAC-3","Mif","CD74_CXCR4",0.0631910219994212,0,"MIF_CD74_CXCR4","Mif  - (Cd74+Cxcr4)","MIF","Secreted Signaling","PMID: 29637711; PMID: 24760155"
"255","TCELL-2","MAC-3","Mif","CD74_CXCR4",0.0276137722736755,0,"MIF_CD74_CXCR4","Mif  - (Cd74+Cxcr4)","MIF","Secreted Signaling","PMID: 29637711; PMID: 24760155"
"256","DC-1","TCELL-1","Mif","CD74_CXCR4",0.00359381561894853,0,"MIF_CD74_CXCR4","Mif  - (Cd74+Cxcr4)","MIF","Secreted Signaling","PMID: 29637711; PMID: 24760155"
"257","DC-3","TCELL-1","Mif","CD74_CXCR4",0.00427378123613331,0,"MIF_CD74_CXCR4","Mif  - (Cd74+Cxcr4)","MIF","Secreted Signaling","PMID: 29637711; PMID: 24760155"
"258","FIB-III","TCELL-1","Mif","CD74_CXCR4",0.00454335754927555,0,"MIF_CD74_CXCR4","Mif  - (Cd74+Cxcr4)","MIF","Secreted Signaling","PMID: 29637711; PMID: 24760155"
"259","MAC-1","TCELL-1","Mif","CD74_CXCR4",0.0019443221465411,0,"MIF_CD74_CXCR4","Mif  - (Cd74+Cxcr4)","MIF","Secreted Signaling","PMID: 29637711; PMID: 24760155"
"260","MAC-2","TCELL-1","Mif","CD74_CXCR4",0.00356709407144313,0,"MIF_CD74_CXCR4","Mif  - (Cd74+Cxcr4)","MIF","Secreted Signaling","PMID: 29637711; PMID: 24760155"
"261","MAC-3","TCELL-1","Mif","CD74_CXCR4",0.00116345665117323,0,"MIF_CD74_CXCR4","Mif  - (Cd74+Cxcr4)","MIF","Secreted Signaling","PMID: 29637711; PMID: 24760155"
"262","TCELL-1","TCELL-1","Mif","CD74_CXCR4",0.00549542027587662,0,"MIF_CD74_CXCR4","Mif  - (Cd74+Cxcr4)","MIF","Secreted Signaling","PMID: 29637711; PMID: 24760155"
"263","TCELL-2","TCELL-1","Mif","CD74_CXCR4",0.00232095958196991,0,"MIF_CD74_CXCR4","Mif  - (Cd74+Cxcr4)","MIF","Secreted Signaling","PMID: 29637711; PMID: 24760155"
"264","DC-1","DC-1","Mif","CD74_CD44",0.0702035768931366,0,"MIF_CD74_CD44","Mif  - (Cd74+Cd44)","MIF","Secreted Signaling","PMID: 29637711; PMID: 26175090"
"265","DC-3","DC-1","Mif","CD74_CD44",0.0824436275215861,0,"MIF_CD74_CD44","Mif  - (Cd74+Cd44)","MIF","Secreted Signaling","PMID: 29637711; PMID: 26175090"
"266","FIB-III","DC-1","Mif","CD74_CD44",0.0872120429727003,0,"MIF_CD74_CD44","Mif  - (Cd74+Cd44)","MIF","Secreted Signaling","PMID: 29637711; PMID: 26175090"
"267","MAC-1","DC-1","Mif","CD74_CD44",0.0391837315816406,0,"MIF_CD74_CD44","Mif  - (Cd74+Cd44)","MIF","Secreted Signaling","PMID: 29637711; PMID: 26175090"
"268","MAC-2","DC-1","Mif","CD74_CD44",0.0697162364724461,0,"MIF_CD74_CD44","Mif  - (Cd74+Cd44)","MIF","Secreted Signaling","PMID: 29637711; PMID: 26175090"
"269","MAC-3","DC-1","Mif","CD74_CD44",0.0238037248430256,0,"MIF_CD74_CD44","Mif  - (Cd74+Cd44)","MIF","Secreted Signaling","PMID: 29637711; PMID: 26175090"
"270","TCELL-1","DC-1","Mif","CD74_CD44",0.103683041674536,0,"MIF_CD74_CD44","Mif  - (Cd74+Cd44)","MIF","Secreted Signaling","PMID: 29637711; PMID: 26175090"
"271","TCELL-2","DC-1","Mif","CD74_CD44",0.0464384230703144,0,"MIF_CD74_CD44","Mif  - (Cd74+Cd44)","MIF","Secreted Signaling","PMID: 29637711; PMID: 26175090"
"272","DC-1","DC-2","Mif","CD74_CD44",0.0735972657585092,0,"MIF_CD74_CD44","Mif  - (Cd74+Cd44)","MIF","Secreted Signaling","PMID: 29637711; PMID: 26175090"
"273","DC-3","DC-2","Mif","CD74_CD44",0.0863740431449529,0,"MIF_CD74_CD44","Mif  - (Cd74+Cd44)","MIF","Secreted Signaling","PMID: 29637711; PMID: 26175090"
"274","FIB-III","DC-2","Mif","CD74_CD44",0.0913471561961444,0,"MIF_CD74_CD44","Mif  - (Cd74+Cd44)","MIF","Secreted Signaling","PMID: 29637711; PMID: 26175090"
"275","MAC-2","DC-2","Mif","CD74_CD44",0.0730882188143522,0,"MIF_CD74_CD44","Mif  - (Cd74+Cd44)","MIF","Secreted Signaling","PMID: 29637711; PMID: 26175090"
"276","TCELL-1","DC-2","Mif","CD74_CD44",0.108506282771852,0,"MIF_CD74_CD44","Mif  - (Cd74+Cd44)","MIF","Secreted Signaling","PMID: 29637711; PMID: 26175090"
"277","TCELL-2","DC-2","Mif","CD74_CD44",0.0487435139372316,0.01,"MIF_CD74_CD44","Mif  - (Cd74+Cd44)","MIF","Secreted Signaling","PMID: 29637711; PMID: 26175090"
"278","DC-1","DC-3","Mif","CD74_CD44",0.0723946724256239,0,"MIF_CD74_CD44","Mif  - (Cd74+Cd44)","MIF","Secreted Signaling","PMID: 29637711; PMID: 26175090"
"279","DC-3","DC-3","Mif","CD74_CD44",0.0849818264201076,0,"MIF_CD74_CD44","Mif  - (Cd74+Cd44)","MIF","Secreted Signaling","PMID: 29637711; PMID: 26175090"
"280","FIB-III","DC-3","Mif","CD74_CD44",0.0898826665865632,0,"MIF_CD74_CD44","Mif  - (Cd74+Cd44)","MIF","Secreted Signaling","PMID: 29637711; PMID: 26175090"
"281","MAC-1","DC-3","Mif","CD74_CD44",0.0404487964236419,0,"MIF_CD74_CD44","Mif  - (Cd74+Cd44)","MIF","Secreted Signaling","PMID: 29637711; PMID: 26175090"
"282","MAC-2","DC-3","Mif","CD74_CD44",0.0718932978946223,0,"MIF_CD74_CD44","Mif  - (Cd74+Cd44)","MIF","Secreted Signaling","PMID: 29637711; PMID: 26175090"
"283","MAC-3","DC-3","Mif","CD74_CD44",0.0245849445945046,0.03,"MIF_CD74_CD44","Mif  - (Cd74+Cd44)","MIF","Secreted Signaling","PMID: 29637711; PMID: 26175090"
"284","TCELL-1","DC-3","Mif","CD74_CD44",0.106799029516856,0,"MIF_CD74_CD44","Mif  - (Cd74+Cd44)","MIF","Secreted Signaling","PMID: 29637711; PMID: 26175090"
"285","TCELL-2","DC-3","Mif","CD74_CD44",0.0479260259013182,0,"MIF_CD74_CD44","Mif  - (Cd74+Cd44)","MIF","Secreted Signaling","PMID: 29637711; PMID: 26175090"
"286","DC-1","MAC-1","Mif","CD74_CD44",0.0373679309818057,0,"MIF_CD74_CD44","Mif  - (Cd74+Cd44)","MIF","Secreted Signaling","PMID: 29637711; PMID: 26175090"
"287","DC-3","MAC-1","Mif","CD74_CD44",0.0441549298229166,0,"MIF_CD74_CD44","Mif  - (Cd74+Cd44)","MIF","Secreted Signaling","PMID: 29637711; PMID: 26175090"
"288","FIB-III","MAC-1","Mif","CD74_CD44",0.0468217909229742,0,"MIF_CD74_CD44","Mif  - (Cd74+Cd44)","MIF","Secreted Signaling","PMID: 29637711; PMID: 26175090"
"289","MAC-1","MAC-1","Mif","CD74_CD44",0.0205362512582891,0,"MIF_CD74_CD44","Mif  - (Cd74+Cd44)","MIF","Secreted Signaling","PMID: 29637711; PMID: 26175090"
"290","MAC-2","MAC-1","Mif","CD74_CD44",0.0370994347182419,0,"MIF_CD74_CD44","Mif  - (Cd74+Cd44)","MIF","Secreted Signaling","PMID: 29637711; PMID: 26175090"
"291","MAC-3","MAC-1","Mif","CD74_CD44",0.0123812490519335,0.03,"MIF_CD74_CD44","Mif  - (Cd74+Cd44)","MIF","Secreted Signaling","PMID: 29637711; PMID: 26175090"
"292","TCELL-1","MAC-1","Mif","CD74_CD44",0.0561337346986512,0,"MIF_CD74_CD44","Mif  - (Cd74+Cd44)","MIF","Secreted Signaling","PMID: 29637711; PMID: 26175090"
"293","TCELL-2","MAC-1","Mif","CD74_CD44",0.0244262163397929,0,"MIF_CD74_CD44","Mif  - (Cd74+Cd44)","MIF","Secreted Signaling","PMID: 29637711; PMID: 26175090"
"294","DC-1","MAC-2","Mif","CD74_CD44",0.0413836042447309,0.03,"MIF_CD74_CD44","Mif  - (Cd74+Cd44)","MIF","Secreted Signaling","PMID: 29637711; PMID: 26175090"
"295","DC-3","MAC-2","Mif","CD74_CD44",0.0488629332457566,0.01,"MIF_CD74_CD44","Mif  - (Cd74+Cd44)","MIF","Secreted Signaling","PMID: 29637711; PMID: 26175090"
"296","FIB-III","MAC-2","Mif","CD74_CD44",0.0517987379072641,0.01,"MIF_CD74_CD44","Mif  - (Cd74+Cd44)","MIF","Secreted Signaling","PMID: 29637711; PMID: 26175090"
"297","MAC-2","MAC-2","Mif","CD74_CD44",0.0410874860786524,0.03,"MIF_CD74_CD44","Mif  - (Cd74+Cd44)","MIF","Secreted Signaling","PMID: 29637711; PMID: 26175090"
"298","TCELL-1","MAC-2","Mif","CD74_CD44",0.0620360789427383,0.01,"MIF_CD74_CD44","Mif  - (Cd74+Cd44)","MIF","Secreted Signaling","PMID: 29637711; PMID: 26175090"
"299","DC-1","MAC-3","Mif","CD74_CD44",0.050258023661351,0,"MIF_CD74_CD44","Mif  - (Cd74+Cd44)","MIF","Secreted Signaling","PMID: 29637711; PMID: 26175090"
"300","DC-3","MAC-3","Mif","CD74_CD44",0.0592421218275869,0,"MIF_CD74_CD44","Mif  - (Cd74+Cd44)","MIF","Secreted Signaling","PMID: 29637711; PMID: 26175090"
"301","FIB-III","MAC-3","Mif","CD74_CD44",0.0627603850971983,0,"MIF_CD74_CD44","Mif  - (Cd74+Cd44)","MIF","Secreted Signaling","PMID: 29637711; PMID: 26175090"
"302","MAC-1","MAC-3","Mif","CD74_CD44",0.027787846737303,0.03,"MIF_CD74_CD44","Mif  - (Cd74+Cd44)","MIF","Secreted Signaling","PMID: 29637711; PMID: 26175090"
"303","MAC-2","MAC-3","Mif","CD74_CD44",0.0499017106388714,0.01,"MIF_CD74_CD44","Mif  - (Cd74+Cd44)","MIF","Secreted Signaling","PMID: 29637711; PMID: 26175090"
"304","TCELL-1","MAC-3","Mif","CD74_CD44",0.0749928102642891,0,"MIF_CD74_CD44","Mif  - (Cd74+Cd44)","MIF","Secreted Signaling","PMID: 29637711; PMID: 26175090"
"305","TCELL-2","MAC-3","Mif","CD74_CD44",0.0330051187794478,0.03,"MIF_CD74_CD44","Mif  - (Cd74+Cd44)","MIF","Secreted Signaling","PMID: 29637711; PMID: 26175090"
"306","DC-1","TCELL-1","Mif","CD74_CD44",0.0207547153484462,0,"MIF_CD74_CD44","Mif  - (Cd74+Cd44)","MIF","Secreted Signaling","PMID: 29637711; PMID: 26175090"
"307","DC-3","TCELL-1","Mif","CD74_CD44",0.0246014312581518,0,"MIF_CD74_CD44","Mif  - (Cd74+Cd44)","MIF","Secreted Signaling","PMID: 29637711; PMID: 26175090"
"308","FIB-III","TCELL-1","Mif","CD74_CD44",0.0261195757316424,0,"MIF_CD74_CD44","Mif  - (Cd74+Cd44)","MIF","Secreted Signaling","PMID: 29637711; PMID: 26175090"
"309","MAC-1","TCELL-1","Mif","CD74_CD44",0.0113181624837605,0,"MIF_CD74_CD44","Mif  - (Cd74+Cd44)","MIF","Secreted Signaling","PMID: 29637711; PMID: 26175090"
"310","MAC-2","TCELL-1","Mif","CD74_CD44",0.0206030336131754,0,"MIF_CD74_CD44","Mif  - (Cd74+Cd44)","MIF","Secreted Signaling","PMID: 29637711; PMID: 26175090"
"311","TCELL-1","TCELL-1","Mif","CD74_CD44",0.0314501006529119,0,"MIF_CD74_CD44","Mif  - (Cd74+Cd44)","MIF","Secreted Signaling","PMID: 29637711; PMID: 26175090"
"312","TCELL-2","TCELL-1","Mif","CD74_CD44",0.013486083985629,0,"MIF_CD74_CD44","Mif  - (Cd74+Cd44)","MIF","Secreted Signaling","PMID: 29637711; PMID: 26175090"
"313","DC-1","TCELL-2","Mif","CD74_CD44",0.0110223916466578,0,"MIF_CD74_CD44","Mif  - (Cd74+Cd44)","MIF","Secreted Signaling","PMID: 29637711; PMID: 26175090"
"314","DC-3","TCELL-2","Mif","CD74_CD44",0.0130894125312276,0,"MIF_CD74_CD44","Mif  - (Cd74+Cd44)","MIF","Secreted Signaling","PMID: 29637711; PMID: 26175090"
"315","FIB-III","TCELL-2","Mif","CD74_CD44",0.0139072838879213,0,"MIF_CD74_CD44","Mif  - (Cd74+Cd44)","MIF","Secreted Signaling","PMID: 29637711; PMID: 26175090"
"316","TCELL-1","TCELL-2","Mif","CD74_CD44",0.0167884688725274,0,"MIF_CD74_CD44","Mif  - (Cd74+Cd44)","MIF","Secreted Signaling","PMID: 29637711; PMID: 26175090"
"317","FIB-III","FIB-III","Mif","Ackr3",0.00684703038103831,0,"MIF_ACKR3","Mif  - Ackr3","MIF","Secreted Signaling","PMID: 26175090"
"318","TCELL-1","FIB-III","Mif","Ackr3",0.00827781460575845,0,"MIF_ACKR3","Mif  - Ackr3","MIF","Secreted Signaling","PMID: 26175090"
"319","TCELL-2","DC-3","Xcl1","Xcr1",0.0971216992432632,0,"XCL1_XCR1","Xcl1  - Xcr1","XCR","Secreted Signaling","KEGG: mmu04060"
"320","TCELL-1","TCELL-1","Il2","IL2RB_IL2RG",0.00114583481799895,0,"IL2_IL2RB_IL2RG","Il2  - (Il2rb+Il2rg)","IL2","Secreted Signaling","KEGG: mmu04060"
"321","TCELL-1","TCELL-2","Il2","IL2RB_IL2RG",0.00224677967709545,0,"IL2_IL2RB_IL2RG","Il2  - (Il2rb+Il2rg)","IL2","Secreted Signaling","KEGG: mmu04060"
"322","DC-1","DC-1","Tslp","IL7R_CRLF2",0.00282021792641178,0,"TSLP_IL7R_CRLF2","Tslp  - (Il7r+Crlf2)","IL2","Secreted Signaling","KEGG: mmu04060"
"323","DC-2","DC-1","Tslp","IL7R_CRLF2",0.00041018734698687,0,"TSLP_IL7R_CRLF2","Tslp  - (Il7r+Crlf2)","IL2","Secreted Signaling","KEGG: mmu04060"
"324","DC-3","DC-1","Tslp","IL7R_CRLF2",0.000540024406607756,0,"TSLP_IL7R_CRLF2","Tslp  - (Il7r+Crlf2)","IL2","Secreted Signaling","KEGG: mmu04060"
"325","MAC-1","DC-1","Tslp","IL7R_CRLF2",0.000846472222305142,0,"TSLP_IL7R_CRLF2","Tslp  - (Il7r+Crlf2)","IL2","Secreted Signaling","KEGG: mmu04060"
"326","MAC-2","DC-1","Tslp","IL7R_CRLF2",0.00619911357234453,0,"TSLP_IL7R_CRLF2","Tslp  - (Il7r+Crlf2)","IL2","Secreted Signaling","KEGG: mmu04060"
"327","MAC-3","DC-1","Tslp","IL7R_CRLF2",0.00347022268855576,0,"TSLP_IL7R_CRLF2","Tslp  - (Il7r+Crlf2)","IL2","Secreted Signaling","KEGG: mmu04060"
"328","TCELL-1","DC-1","Tslp","IL7R_CRLF2",0.00377178026277924,0,"TSLP_IL7R_CRLF2","Tslp  - (Il7r+Crlf2)","IL2","Secreted Signaling","KEGG: mmu04060"
"329","TCELL-2","DC-1","Tslp","IL7R_CRLF2",0.001032090394745,0,"TSLP_IL7R_CRLF2","Tslp  - (Il7r+Crlf2)","IL2","Secreted Signaling","KEGG: mmu04060"
"330","DC-1","DC-2","Tslp","IL7R_CRLF2",0.00041461226905372,0,"TSLP_IL7R_CRLF2","Tslp  - (Il7r+Crlf2)","IL2","Secreted Signaling","KEGG: mmu04060"
"331","MAC-2","DC-2","Tslp","IL7R_CRLF2",0.000913999867888283,0.02,"TSLP_IL7R_CRLF2","Tslp  - (Il7r+Crlf2)","IL2","Secreted Signaling","KEGG: mmu04060"
"332","MAC-3","DC-2","Tslp","IL7R_CRLF2",0.000510456062343267,0.01,"TSLP_IL7R_CRLF2","Tslp  - (Il7r+Crlf2)","IL2","Secreted Signaling","KEGG: mmu04060"
"333","TCELL-1","DC-2","Tslp","IL7R_CRLF2",0.000554957223269745,0,"TSLP_IL7R_CRLF2","Tslp  - (Il7r+Crlf2)","IL2","Secreted Signaling","KEGG: mmu04060"
"334","TCELL-2","DC-2","Tslp","IL7R_CRLF2",0.000151500283144093,0.02,"TSLP_IL7R_CRLF2","Tslp  - (Il7r+Crlf2)","IL2","Secreted Signaling","KEGG: mmu04060"
"335","DC-1","DC-3","Tslp","IL7R_CRLF2",0.000545849189360417,0,"TSLP_IL7R_CRLF2","Tslp  - (Il7r+Crlf2)","IL2","Secreted Signaling","KEGG: mmu04060"
"336","MAC-1","DC-3","Tslp","IL7R_CRLF2",0.000163572401503957,0.01,"TSLP_IL7R_CRLF2","Tslp  - (Il7r+Crlf2)","IL2","Secreted Signaling","KEGG: mmu04060"
"337","MAC-2","DC-3","Tslp","IL7R_CRLF2",0.00120311732545426,0,"TSLP_IL7R_CRLF2","Tslp  - (Il7r+Crlf2)","IL2","Secreted Signaling","KEGG: mmu04060"
"338","MAC-3","DC-3","Tslp","IL7R_CRLF2",0.000672009953440842,0,"TSLP_IL7R_CRLF2","Tslp  - (Il7r+Crlf2)","IL2","Secreted Signaling","KEGG: mmu04060"
"339","TCELL-1","DC-3","Tslp","IL7R_CRLF2",0.00073058496152667,0,"TSLP_IL7R_CRLF2","Tslp  - (Il7r+Crlf2)","IL2","Secreted Signaling","KEGG: mmu04060"
"340","TCELL-2","DC-3","Tslp","IL7R_CRLF2",0.000199471177080323,0,"TSLP_IL7R_CRLF2","Tslp  - (Il7r+Crlf2)","IL2","Secreted Signaling","KEGG: mmu04060"
"341","DC-1","MAC-1","Tslp","IL7R_CRLF2",0.000785984836645009,0,"TSLP_IL7R_CRLF2","Tslp  - (Il7r+Crlf2)","IL2","Secreted Signaling","KEGG: mmu04060"
"342","DC-2","MAC-1","Tslp","IL7R_CRLF2",0.000114118832705183,0.03,"TSLP_IL7R_CRLF2","Tslp  - (Il7r+Crlf2)","IL2","Secreted Signaling","KEGG: mmu04060"
"343","DC-3","MAC-1","Tslp","IL7R_CRLF2",0.000150255081349041,0,"TSLP_IL7R_CRLF2","Tslp  - (Il7r+Crlf2)","IL2","Secreted Signaling","KEGG: mmu04060"
"344","MAC-1","MAC-1","Tslp","IL7R_CRLF2",0.000235572511134734,0,"TSLP_IL7R_CRLF2","Tslp  - (Il7r+Crlf2)","IL2","Secreted Signaling","KEGG: mmu04060"
"345","MAC-2","MAC-1","Tslp","IL7R_CRLF2",0.00173190414337738,0,"TSLP_IL7R_CRLF2","Tslp  - (Il7r+Crlf2)","IL2","Secreted Signaling","KEGG: mmu04060"
"346","MAC-3","MAC-1","Tslp","IL7R_CRLF2",0.000967593822314075,0,"TSLP_IL7R_CRLF2","Tslp  - (Il7r+Crlf2)","IL2","Secreted Signaling","KEGG: mmu04060"
"347","TCELL-1","MAC-1","Tslp","IL7R_CRLF2",0.00105190595327327,0,"TSLP_IL7R_CRLF2","Tslp  - (Il7r+Crlf2)","IL2","Secreted Signaling","KEGG: mmu04060"
"348","TCELL-2","MAC-1","Tslp","IL7R_CRLF2",0.00028726840850359,0,"TSLP_IL7R_CRLF2","Tslp  - (Il7r+Crlf2)","IL2","Secreted Signaling","KEGG: mmu04060"
"349","DC-1","MAC-2","Tslp","IL7R_CRLF2",0.00208580460400129,0,"TSLP_IL7R_CRLF2","Tslp  - (Il7r+Crlf2)","IL2","Secreted Signaling","KEGG: mmu04060"
"350","DC-3","MAC-2","Tslp","IL7R_CRLF2",0.000399158894528526,0,"TSLP_IL7R_CRLF2","Tslp  - (Il7r+Crlf2)","IL2","Secreted Signaling","KEGG: mmu04060"
"351","MAC-1","MAC-2","Tslp","IL7R_CRLF2",0.000625719760051896,0,"TSLP_IL7R_CRLF2","Tslp  - (Il7r+Crlf2)","IL2","Secreted Signaling","KEGG: mmu04060"
"352","MAC-2","MAC-2","Tslp","IL7R_CRLF2",0.00458885073193338,0.01,"TSLP_IL7R_CRLF2","Tslp  - (Il7r+Crlf2)","IL2","Secreted Signaling","KEGG: mmu04060"
"353","MAC-3","MAC-2","Tslp","IL7R_CRLF2",0.0025669772757838,0,"TSLP_IL7R_CRLF2","Tslp  - (Il7r+Crlf2)","IL2","Secreted Signaling","KEGG: mmu04060"
"354","TCELL-1","MAC-2","Tslp","IL7R_CRLF2",0.00279026383977731,0,"TSLP_IL7R_CRLF2","Tslp  - (Il7r+Crlf2)","IL2","Secreted Signaling","KEGG: mmu04060"
"355","TCELL-2","MAC-2","Tslp","IL7R_CRLF2",0.000762967320976962,0,"TSLP_IL7R_CRLF2","Tslp  - (Il7r+Crlf2)","IL2","Secreted Signaling","KEGG: mmu04060"
"356","DC-1","MAC-3","Tslp","IL7R_CRLF2",0.00356226465732806,0,"TSLP_IL7R_CRLF2","Tslp  - (Il7r+Crlf2)","IL2","Secreted Signaling","KEGG: mmu04060"
"357","DC-2","MAC-3","Tslp","IL7R_CRLF2",0.000518444216677783,0.02,"TSLP_IL7R_CRLF2","Tslp  - (Il7r+Crlf2)","IL2","Secreted Signaling","KEGG: mmu04060"
"358","DC-3","MAC-3","Tslp","IL7R_CRLF2",0.000682524546877385,0,"TSLP_IL7R_CRLF2","Tslp  - (Il7r+Crlf2)","IL2","Secreted Signaling","KEGG: mmu04060"
"359","MAC-1","MAC-3","Tslp","IL7R_CRLF2",0.00106975040921551,0,"TSLP_IL7R_CRLF2","Tslp  - (Il7r+Crlf2)","IL2","Secreted Signaling","KEGG: mmu04060"
"360","MAC-2","MAC-3","Tslp","IL7R_CRLF2",0.00782322966308307,0,"TSLP_IL7R_CRLF2","Tslp  - (Il7r+Crlf2)","IL2","Secreted Signaling","KEGG: mmu04060"
"361","MAC-3","MAC-3","Tslp","IL7R_CRLF2",0.00438254494177165,0,"TSLP_IL7R_CRLF2","Tslp  - (Il7r+Crlf2)","IL2","Secreted Signaling","KEGG: mmu04060"
"362","TCELL-1","MAC-3","Tslp","IL7R_CRLF2",0.00476300314013221,0,"TSLP_IL7R_CRLF2","Tslp  - (Il7r+Crlf2)","IL2","Secreted Signaling","KEGG: mmu04060"
"363","TCELL-2","MAC-3","Tslp","IL7R_CRLF2",0.00130426609709993,0,"TSLP_IL7R_CRLF2","Tslp  - (Il7r+Crlf2)","IL2","Secreted Signaling","KEGG: mmu04060"
"364","DC-1","TCELL-1","Tslp","IL7R_CRLF2",0.00408765302595387,0,"TSLP_IL7R_CRLF2","Tslp  - (Il7r+Crlf2)","IL2","Secreted Signaling","KEGG: mmu04060"
"365","DC-2","TCELL-1","Tslp","IL7R_CRLF2",0.000595176236560368,0,"TSLP_IL7R_CRLF2","Tslp  - (Il7r+Crlf2)","IL2","Secreted Signaling","KEGG: mmu04060"
"366","DC-3","TCELL-1","Tslp","IL7R_CRLF2",0.000783522138494131,0,"TSLP_IL7R_CRLF2","Tslp  - (Il7r+Crlf2)","IL2","Secreted Signaling","KEGG: mmu04060"
"367","MAC-1","TCELL-1","Tslp","IL7R_CRLF2",0.00122797791592572,0,"TSLP_IL7R_CRLF2","Tslp  - (Il7r+Crlf2)","IL2","Secreted Signaling","KEGG: mmu04060"
"368","MAC-2","TCELL-1","Tslp","IL7R_CRLF2",0.00897139762404584,0,"TSLP_IL7R_CRLF2","Tslp  - (Il7r+Crlf2)","IL2","Secreted Signaling","KEGG: mmu04060"
"369","MAC-3","TCELL-1","Tslp","IL7R_CRLF2",0.00502830363323703,0,"TSLP_IL7R_CRLF2","Tslp  - (Il7r+Crlf2)","IL2","Secreted Signaling","KEGG: mmu04060"
"370","TCELL-1","TCELL-1","Tslp","IL7R_CRLF2",0.00546451385177422,0,"TSLP_IL7R_CRLF2","Tslp  - (Il7r+Crlf2)","IL2","Secreted Signaling","KEGG: mmu04060"
"371","TCELL-2","TCELL-1","Tslp","IL7R_CRLF2",0.00149712899076782,0,"TSLP_IL7R_CRLF2","Tslp  - (Il7r+Crlf2)","IL2","Secreted Signaling","KEGG: mmu04060"
"372","DC-1","TCELL-2","Tslp","IL7R_CRLF2",0.00104321713382558,0,"TSLP_IL7R_CRLF2","Tslp  - (Il7r+Crlf2)","IL2","Secreted Signaling","KEGG: mmu04060"
"373","DC-2","TCELL-2","Tslp","IL7R_CRLF2",0.000151500283144093,0.03,"TSLP_IL7R_CRLF2","Tslp  - (Il7r+Crlf2)","IL2","Secreted Signaling","KEGG: mmu04060"
"374","DC-3","TCELL-2","Tslp","IL7R_CRLF2",0.000199471177080323,0,"TSLP_IL7R_CRLF2","Tslp  - (Il7r+Crlf2)","IL2","Secreted Signaling","KEGG: mmu04060"
"375","MAC-1","TCELL-2","Tslp","IL7R_CRLF2",0.000312725615217936,0,"TSLP_IL7R_CRLF2","Tslp  - (Il7r+Crlf2)","IL2","Secreted Signaling","KEGG: mmu04060"
"376","MAC-2","TCELL-2","Tslp","IL7R_CRLF2",0.00229799914837063,0,"TSLP_IL7R_CRLF2","Tslp  - (Il7r+Crlf2)","IL2","Secreted Signaling","KEGG: mmu04060"
"377","MAC-3","TCELL-2","Tslp","IL7R_CRLF2",0.00128418560784895,0,"TSLP_IL7R_CRLF2","Tslp  - (Il7r+Crlf2)","IL2","Secreted Signaling","KEGG: mmu04060"
"378","TCELL-1","TCELL-2","Tslp","IL7R_CRLF2",0.00139604569063234,0,"TSLP_IL7R_CRLF2","Tslp  - (Il7r+Crlf2)","IL2","Secreted Signaling","KEGG: mmu04060"
"379","TCELL-2","TCELL-2","Tslp","IL7R_CRLF2",0.000381346142604485,0,"TSLP_IL7R_CRLF2","Tslp  - (Il7r+Crlf2)","IL2","Secreted Signaling","KEGG: mmu04060"
"380","MAC-1","MAC-2","Osm","LIFR_IL6ST",0.00156985944824915,0,"OSM_LIFR_IL6ST","Osm  - (Lifr+Il6st)","OSM","Secreted Signaling","KEGG: mmu04060"
"381","MAC-3","MAC-2","Osm","LIFR_IL6ST",0.0190709854312893,0,"OSM_LIFR_IL6ST","Osm  - (Lifr+Il6st)","OSM","Secreted Signaling","KEGG: mmu04060"
"382","MAC-1","DC-2","Osm","OSMR_IL6ST",0.000698319340016037,0,"OSM_OSMR_IL6ST","Osm  - (Osmr+Il6st)","OSM","Secreted Signaling","KEGG: mmu04060"
"383","MAC-3","DC-2","Osm","OSMR_IL6ST",0.00856669728510998,0,"OSM_OSMR_IL6ST","Osm  - (Osmr+Il6st)","OSM","Secreted Signaling","KEGG: mmu04060"
"384","DC-1","DC-1","Il1b","Il1r2",0.02360460953008,0,"IL1B_IL1R2","Il1b  - Il1r2","IL1","Secreted Signaling","KEGG: mmu04060"
"385","DC-3","DC-1","Il1b","Il1r2",0.00745067247888991,0.03,"IL1B_IL1R2","Il1b  - Il1r2","IL1","Secreted Signaling","KEGG: mmu04060"
"386","MAC-1","DC-1","Il1b","Il1r2",0.00568866268661327,0,"IL1B_IL1R2","Il1b  - Il1r2","IL1","Secreted Signaling","KEGG: mmu04060"
"387","MAC-3","DC-1","Il1b","Il1r2",0.0174653995551954,0.01,"IL1B_IL1R2","Il1b  - Il1r2","IL1","Secreted Signaling","KEGG: mmu04060"
"388","DC-1","DC-3","Il1b","Il1r2",0.0145196846652891,0,"IL1B_IL1R2","Il1b  - Il1r2","IL1","Secreted Signaling","KEGG: mmu04060"
"389","DC-3","DC-3","Il1b","Il1r2",0.00455406454484712,0.04,"IL1B_IL1R2","Il1b  - Il1r2","IL1","Secreted Signaling","KEGG: mmu04060"
"390","MAC-1","DC-3","Il1b","Il1r2",0.00347467557726526,0,"IL1B_IL1R2","Il1b  - Il1r2","IL1","Secreted Signaling","KEGG: mmu04060"
"391","MAC-3","DC-3","Il1b","Il1r2",0.0107173934901643,0.03,"IL1B_IL1R2","Il1b  - Il1r2","IL1","Secreted Signaling","KEGG: mmu04060"
"392","DC-1","FIB-III","Il1b","Il1r2",0.165667745548191,0,"IL1B_IL1R2","Il1b  - Il1r2","IL1","Secreted Signaling","KEGG: mmu04060"
"393","DC-2","FIB-III","Il1b","Il1r2",0.0746703503129492,0.01,"IL1B_IL1R2","Il1b  - Il1r2","IL1","Secreted Signaling","KEGG: mmu04060"
"394","DC-3","FIB-III","Il1b","Il1r2",0.058074786820256,0,"IL1B_IL1R2","Il1b  - Il1r2","IL1","Secreted Signaling","KEGG: mmu04060"
"395","MAC-1","FIB-III","Il1b","Il1r2",0.0448820442726113,0,"IL1B_IL1R2","Il1b  - Il1r2","IL1","Secreted Signaling","KEGG: mmu04060"
"396","MAC-3","FIB-III","Il1b","Il1r2",0.127401096000961,0,"IL1B_IL1R2","Il1b  - Il1r2","IL1","Secreted Signaling","KEGG: mmu04060"
"397","DC-1","MAC-3","Il1b","Il1r2",0.028211227371956,0,"IL1B_IL1R2","Il1b  - Il1r2","IL1","Secreted Signaling","KEGG: mmu04060"
"398","DC-3","MAC-3","Il1b","Il1r2",0.0089335720005551,0.03,"IL1B_IL1R2","Il1b  - Il1r2","IL1","Secreted Signaling","KEGG: mmu04060"
"399","MAC-1","MAC-3","Il1b","Il1r2",0.00682328207470887,0,"IL1B_IL1R2","Il1b  - Il1r2","IL1","Secreted Signaling","KEGG: mmu04060"
"400","MAC-3","MAC-3","Il1b","Il1r2",0.0208995495745791,0,"IL1B_IL1R2","Il1b  - Il1r2","IL1","Secreted Signaling","KEGG: mmu04060"
"401","FIB-III","FIB-III","Il34","Csf1r",0.00101675706682752,0,"IL34_CSF1R","Il34  - Csf1r","CSF","Secreted Signaling","KEGG: mmu04060"
"402","MAC-1","FIB-III","Il34","Csf1r",0.00379578777749155,0,"IL34_CSF1R","Il34  - Csf1r","CSF","Secreted Signaling","KEGG: mmu04060"
"403","MAC-3","FIB-III","Il34","Csf1r",0.00289186649229746,0.03,"IL34_CSF1R","Il34  - Csf1r","CSF","Secreted Signaling","KEGG: mmu04060"
"404","DC-1","MAC-1","Il34","Csf1r",0.00176462577582502,0,"IL34_CSF1R","Il34  - Csf1r","CSF","Secreted Signaling","KEGG: mmu04060"
"405","FIB-III","MAC-1","Il34","Csf1r",0.00474697921199602,0,"IL34_CSF1R","Il34  - Csf1r","CSF","Secreted Signaling","KEGG: mmu04060"
"406","MAC-1","MAC-1","Il34","Csf1r",0.0175425264178324,0,"IL34_CSF1R","Il34  - Csf1r","CSF","Secreted Signaling","KEGG: mmu04060"
"407","MAC-2","MAC-1","Il34","Csf1r",0.0114376442106392,0,"IL34_CSF1R","Il34  - Csf1r","CSF","Secreted Signaling","KEGG: mmu04060"
"408","MAC-3","MAC-1","Il34","Csf1r",0.0134090477676539,0,"IL34_CSF1R","Il34  - Csf1r","CSF","Secreted Signaling","KEGG: mmu04060"
"409","FIB-III","MAC-2","Il34","Csf1r",0.00308104339673962,0,"IL34_CSF1R","Il34  - Csf1r","CSF","Secreted Signaling","KEGG: mmu04060"
"410","MAC-1","MAC-2","Il34","Csf1r",0.0114376442106391,0,"IL34_CSF1R","Il34  - Csf1r","CSF","Secreted Signaling","KEGG: mmu04060"
"411","MAC-3","MAC-2","Il34","Csf1r",0.00872985383084756,0,"IL34_CSF1R","Il34  - Csf1r","CSF","Secreted Signaling","KEGG: mmu04060"
"412","FIB-III","MAC-3","Il34","Csf1r",0.00342907072999532,0,"IL34_CSF1R","Il34  - Csf1r","CSF","Secreted Signaling","KEGG: mmu04060"
"413","MAC-1","MAC-3","Il34","Csf1r",0.012717571546198,0,"IL34_CSF1R","Il34  - Csf1r","CSF","Secreted Signaling","KEGG: mmu04060"
"414","MAC-2","MAC-3","Il34","Csf1r",0.00827764922860312,0,"IL34_CSF1R","Il34  - Csf1r","CSF","Secreted Signaling","KEGG: mmu04060"
"415","MAC-3","MAC-3","Il34","Csf1r",0.00970974265061822,0.01,"IL34_CSF1R","Il34  - Csf1r","CSF","Secreted Signaling","KEGG: mmu04060"
"416","FIB-III","FIB-III","Csf1","Csf1r",0.00301138102422671,0,"CSF1_CSF1R","Csf1  - Csf1r","CSF","Secreted Signaling","KEGG: mmu04060"
"417","MAC-1","FIB-III","Csf1","Csf1r",0.00380094255901931,0.01,"CSF1_CSF1R","Csf1  - Csf1r","CSF","Secreted Signaling","KEGG: mmu04060"
"418","FIB-III","MAC-1","Csf1","Csf1r",0.0139571303615358,0,"CSF1_CSF1R","Csf1  - Csf1r","CSF","Secreted Signaling","KEGG: mmu04060"
"419","MAC-1","MAC-1","Csf1","Csf1r",0.017566020459156,0,"CSF1_CSF1R","Csf1  - Csf1r","CSF","Secreted Signaling","KEGG: mmu04060"
"420","MAC-2","MAC-1","Csf1","Csf1r",0.0114376442106391,0,"CSF1_CSF1R","Csf1  - Csf1r","CSF","Secreted Signaling","KEGG: mmu04060"
"421","MAC-3","MAC-1","Csf1","Csf1r",0.012717571546198,0,"CSF1_CSF1R","Csf1  - Csf1r","CSF","Secreted Signaling","KEGG: mmu04060"
"422","FIB-III","MAC-2","Csf1","Csf1r",0.00908844050142729,0,"CSF1_CSF1R","Csf1  - Csf1r","CSF","Secreted Signaling","KEGG: mmu04060"
"423","MAC-1","MAC-2","Csf1","Csf1r",0.0114530575270581,0,"CSF1_CSF1R","Csf1  - Csf1r","CSF","Secreted Signaling","KEGG: mmu04060"
"424","MAC-3","MAC-2","Csf1","Csf1r",0.00827764922860311,0.03,"CSF1_CSF1R","Csf1  - Csf1r","CSF","Secreted Signaling","KEGG: mmu04060"
"425","FIB-III","MAC-3","Csf1","Csf1r",0.010108168708922,0,"CSF1_CSF1R","Csf1  - Csf1r","CSF","Secreted Signaling","KEGG: mmu04060"
"426","MAC-1","MAC-3","Csf1","Csf1r",0.0127346874675402,0,"CSF1_CSF1R","Csf1  - Csf1r","CSF","Secreted Signaling","KEGG: mmu04060"
"427","MAC-2","MAC-3","Csf1","Csf1r",0.00827764922860311,0.03,"CSF1_CSF1R","Csf1  - Csf1r","CSF","Secreted Signaling","KEGG: mmu04060"
"428","DC-1","DC-1","Ifnb1","IFNAR1_IFNAR2",0.000248250307923013,0,"IFNB1_IFNAR1_IFNAR2","Ifnb1  - (Ifnar1+Ifnar2)","IFN-I","Secreted Signaling","KEGG: mmu04060"
"429","DC-2","DC-1","Ifnb1","IFNAR1_IFNAR2",0.00023347570351672,0,"IFNB1_IFNAR1_IFNAR2","Ifnb1  - (Ifnar1+Ifnar2)","IFN-I","Secreted Signaling","KEGG: mmu04060"
"430","DC-3","DC-1","Ifnb1","IFNAR1_IFNAR2",0.000247174898343907,0,"IFNB1_IFNAR1_IFNAR2","Ifnb1  - (Ifnar1+Ifnar2)","IFN-I","Secreted Signaling","KEGG: mmu04060"
"431","MAC-3","DC-1","Ifnb1","IFNAR1_IFNAR2",0.000296431640094109,0,"IFNB1_IFNAR1_IFNAR2","Ifnb1  - (Ifnar1+Ifnar2)","IFN-I","Secreted Signaling","KEGG: mmu04060"
"432","TCELL-1","DC-1","Ifnb1","IFNAR1_IFNAR2",0.000555076144640928,0,"IFNB1_IFNAR1_IFNAR2","Ifnb1  - (Ifnar1+Ifnar2)","IFN-I","Secreted Signaling","KEGG: mmu04060"
"433","DC-1","DC-3","Ifnb1","IFNAR1_IFNAR2",0.00052955487523274,0,"IFNB1_IFNAR1_IFNAR2","Ifnb1  - (Ifnar1+Ifnar2)","IFN-I","Secreted Signaling","KEGG: mmu04060"
"434","DC-2","DC-3","Ifnb1","IFNAR1_IFNAR2",0.000498046784143276,0.01,"IFNB1_IFNAR1_IFNAR2","Ifnb1  - (Ifnar1+Ifnar2)","IFN-I","Secreted Signaling","KEGG: mmu04060"
"435","DC-3","DC-3","Ifnb1","IFNAR1_IFNAR2",0.000527261509134855,0.03,"IFNB1_IFNAR1_IFNAR2","Ifnb1  - (Ifnar1+Ifnar2)","IFN-I","Secreted Signaling","KEGG: mmu04060"
"436","MAC-3","DC-3","Ifnb1","IFNAR1_IFNAR2",0.000632298301798123,0,"IFNB1_IFNAR1_IFNAR2","Ifnb1  - (Ifnar1+Ifnar2)","IFN-I","Secreted Signaling","KEGG: mmu04060"
"437","TCELL-1","DC-3","Ifnb1","IFNAR1_IFNAR2",0.00118364844388978,0,"IFNB1_IFNAR1_IFNAR2","Ifnb1  - (Ifnar1+Ifnar2)","IFN-I","Secreted Signaling","KEGG: mmu04060"
"438","DC-1","MAC-3","Ifnb1","IFNAR1_IFNAR2",0.000266191647536592,0,"IFNB1_IFNAR1_IFNAR2","Ifnb1  - (Ifnar1+Ifnar2)","IFN-I","Secreted Signaling","KEGG: mmu04060"
"439","DC-2","MAC-3","Ifnb1","IFNAR1_IFNAR2",0.000250349532602934,0.02,"IFNB1_IFNAR1_IFNAR2","Ifnb1  - (Ifnar1+Ifnar2)","IFN-I","Secreted Signaling","KEGG: mmu04060"
"440","DC-3","MAC-3","Ifnb1","IFNAR1_IFNAR2",0.000265038537455747,0.01,"IFNB1_IFNAR1_IFNAR2","Ifnb1  - (Ifnar1+Ifnar2)","IFN-I","Secreted Signaling","KEGG: mmu04060"
"441","TCELL-1","MAC-3","Ifnb1","IFNAR1_IFNAR2",0.000595178944558766,0,"IFNB1_IFNAR1_IFNAR2","Ifnb1  - (Ifnar1+Ifnar2)","IFN-I","Secreted Signaling","KEGG: mmu04060"
"442","DC-3","DC-1","Tnf","Tnfrsf1a",0.00114087499338538,0.01,"TNF_TNFRSF1A","Tnf  - Tnfrsf1a","TNF","Secreted Signaling","KEGG: mmu04060"
"443","MAC-1","DC-1","Tnf","Tnfrsf1a",0.000687305079695144,0,"TNF_TNFRSF1A","Tnf  - Tnfrsf1a","TNF","Secreted Signaling","KEGG: mmu04060"
"444","MAC-3","DC-1","Tnf","Tnfrsf1a",0.00179181360857274,0,"TNF_TNFRSF1A","Tnf  - Tnfrsf1a","TNF","Secreted Signaling","KEGG: mmu04060"
"445","TCELL-1","DC-1","Tnf","Tnfrsf1a",0.00101082071807379,0,"TNF_TNFRSF1A","Tnf  - Tnfrsf1a","TNF","Secreted Signaling","KEGG: mmu04060"
"446","DC-3","DC-2","Tnf","Tnfrsf1a",4.39348926876423e-06,0.01,"TNF_TNFRSF1A","Tnf  - Tnfrsf1a","TNF","Secreted Signaling","KEGG: mmu04060"
"447","MAC-1","DC-2","Tnf","Tnfrsf1a",2.64560290377612e-06,0,"TNF_TNFRSF1A","Tnf  - Tnfrsf1a","TNF","Secreted Signaling","KEGG: mmu04060"
"448","MAC-3","DC-2","Tnf","Tnfrsf1a",6.9047246331743e-06,0,"TNF_TNFRSF1A","Tnf  - Tnfrsf1a","TNF","Secreted Signaling","KEGG: mmu04060"
"449","TCELL-1","DC-2","Tnf","Tnfrsf1a",3.8921477550903e-06,0,"TNF_TNFRSF1A","Tnf  - Tnfrsf1a","TNF","Secreted Signaling","KEGG: mmu04060"
"450","DC-3","DC-3","Tnf","Tnfrsf1a",5.8982035671277e-07,0.01,"TNF_TNFRSF1A","Tnf  - Tnfrsf1a","TNF","Secreted Signaling","KEGG: mmu04060"
"451","MAC-1","DC-3","Tnf","Tnfrsf1a",3.55168293732958e-07,0,"TNF_TNFRSF1A","Tnf  - Tnfrsf1a","TNF","Secreted Signaling","KEGG: mmu04060"
"452","MAC-3","DC-3","Tnf","Tnfrsf1a",9.26952531624576e-07,0.02,"TNF_TNFRSF1A","Tnf  - Tnfrsf1a","TNF","Secreted Signaling","KEGG: mmu04060"
"453","TCELL-1","DC-3","Tnf","Tnfrsf1a",5.22515668172548e-07,0,"TNF_TNFRSF1A","Tnf  - Tnfrsf1a","TNF","Secreted Signaling","KEGG: mmu04060"
"454","DC-2","FIB-III","Tnf","Tnfrsf1a",0.00132939871314278,0.03,"TNF_TNFRSF1A","Tnf  - Tnfrsf1a","TNF","Secreted Signaling","KEGG: mmu04060"
"455","DC-3","FIB-III","Tnf","Tnfrsf1a",0.00147529631299074,0.01,"TNF_TNFRSF1A","Tnf  - Tnfrsf1a","TNF","Secreted Signaling","KEGG: mmu04060"
"456","MAC-1","FIB-III","Tnf","Tnfrsf1a",0.000888891105443103,0,"TNF_TNFRSF1A","Tnf  - Tnfrsf1a","TNF","Secreted Signaling","KEGG: mmu04060"
"457","MAC-3","FIB-III","Tnf","Tnfrsf1a",0.0023166001132064,0,"TNF_TNFRSF1A","Tnf  - Tnfrsf1a","TNF","Secreted Signaling","KEGG: mmu04060"
"458","TCELL-1","FIB-III","Tnf","Tnfrsf1a",0.00130716950119234,0,"TNF_TNFRSF1A","Tnf  - Tnfrsf1a","TNF","Secreted Signaling","KEGG: mmu04060"
"459","DC-2","MAC-1","Tnf","Tnfrsf1a",0.00161404351449108,0.02,"TNF_TNFRSF1A","Tnf  - Tnfrsf1a","TNF","Secreted Signaling","KEGG: mmu04060"
"460","DC-3","MAC-1","Tnf","Tnfrsf1a",0.00179112401704662,0.01,"TNF_TNFRSF1A","Tnf  - Tnfrsf1a","TNF","Secreted Signaling","KEGG: mmu04060"
"461","MAC-1","MAC-1","Tnf","Tnfrsf1a",0.00107931835918214,0,"TNF_TNFRSF1A","Tnf  - Tnfrsf1a","TNF","Secreted Signaling","KEGG: mmu04060"
"462","MAC-3","MAC-1","Tnf","Tnfrsf1a",0.00281202480165226,0,"TNF_TNFRSF1A","Tnf  - Tnfrsf1a","TNF","Secreted Signaling","KEGG: mmu04060"
"463","TCELL-1","MAC-1","Tnf","Tnfrsf1a",0.00158706224872488,0,"TNF_TNFRSF1A","Tnf  - Tnfrsf1a","TNF","Secreted Signaling","KEGG: mmu04060"
"464","DC-3","MAC-2","Tnf","Tnfrsf1a",0.000491855417281013,0.01,"TNF_TNFRSF1A","Tnf  - Tnfrsf1a","TNF","Secreted Signaling","KEGG: mmu04060"
"465","MAC-1","MAC-2","Tnf","Tnfrsf1a",0.000296235279628101,0,"TNF_TNFRSF1A","Tnf  - Tnfrsf1a","TNF","Secreted Signaling","KEGG: mmu04060"
"466","MAC-3","MAC-2","Tnf","Tnfrsf1a",0.000772775355771263,0,"TNF_TNFRSF1A","Tnf  - Tnfrsf1a","TNF","Secreted Signaling","KEGG: mmu04060"
"467","TCELL-1","MAC-2","Tnf","Tnfrsf1a",0.000435753983507444,0,"TNF_TNFRSF1A","Tnf  - Tnfrsf1a","TNF","Secreted Signaling","KEGG: mmu04060"
"468","DC-2","MAC-3","Tnf","Tnfrsf1a",0.00180126809511263,0.03,"TNF_TNFRSF1A","Tnf  - Tnfrsf1a","TNF","Secreted Signaling","KEGG: mmu04060"
"469","DC-3","MAC-3","Tnf","Tnfrsf1a",0.00199884832145648,0.01,"TNF_TNFRSF1A","Tnf  - Tnfrsf1a","TNF","Secreted Signaling","KEGG: mmu04060"
"470","MAC-1","MAC-3","Tnf","Tnfrsf1a",0.00120459113923367,0,"TNF_TNFRSF1A","Tnf  - Tnfrsf1a","TNF","Secreted Signaling","KEGG: mmu04060"
"471","MAC-3","MAC-3","Tnf","Tnfrsf1a",0.00313777515798956,0,"TNF_TNFRSF1A","Tnf  - Tnfrsf1a","TNF","Secreted Signaling","KEGG: mmu04060"
"472","TCELL-1","MAC-3","Tnf","Tnfrsf1a",0.00177116262945309,0,"TNF_TNFRSF1A","Tnf  - Tnfrsf1a","TNF","Secreted Signaling","KEGG: mmu04060"
"473","DC-3","TCELL-1","Tnf","Tnfrsf1a",8.53035696192649e-06,0.01,"TNF_TNFRSF1A","Tnf  - Tnfrsf1a","TNF","Secreted Signaling","KEGG: mmu04060"
"474","MAC-1","TCELL-1","Tnf","Tnfrsf1a",5.13668588007009e-06,0,"TNF_TNFRSF1A","Tnf  - Tnfrsf1a","TNF","Secreted Signaling","KEGG: mmu04060"
"475","MAC-3","TCELL-1","Tnf","Tnfrsf1a",1.34061159524154e-05,0.02,"TNF_TNFRSF1A","Tnf  - Tnfrsf1a","TNF","Secreted Signaling","KEGG: mmu04060"
"476","TCELL-1","TCELL-1","Tnf","Tnfrsf1a",7.55696061638505e-06,0,"TNF_TNFRSF1A","Tnf  - Tnfrsf1a","TNF","Secreted Signaling","KEGG: mmu04060"
"477","DC-2","DC-1","Tnf","Tnfrsf1b",0.00131328880439636,0,"TNF_TNFRSF1B","Tnf  - Tnfrsf1b","TNF","Secreted Signaling","KEGG: mmu04060"
"478","DC-3","DC-1","Tnf","Tnfrsf1b",0.00145742096930082,0,"TNF_TNFRSF1B","Tnf  - Tnfrsf1b","TNF","Secreted Signaling","KEGG: mmu04060"
"479","MAC-1","DC-1","Tnf","Tnfrsf1b",0.000878114658677119,0,"TNF_TNFRSF1B","Tnf  - Tnfrsf1b","TNF","Secreted Signaling","KEGG: mmu04060"
"480","MAC-2","DC-1","Tnf","Tnfrsf1b",0.00031564784092778,0,"TNF_TNFRSF1B","Tnf  - Tnfrsf1b","TNF","Secreted Signaling","KEGG: mmu04060"
"481","MAC-3","DC-1","Tnf","Tnfrsf1b",0.00228855452307109,0,"TNF_TNFRSF1B","Tnf  - Tnfrsf1b","TNF","Secreted Signaling","KEGG: mmu04060"
"482","TCELL-1","DC-1","Tnf","Tnfrsf1b",0.00129132862198421,0,"TNF_TNFRSF1B","Tnf  - Tnfrsf1b","TNF","Secreted Signaling","KEGG: mmu04060"
"483","DC-3","DC-2","Tnf","Tnfrsf1b",0.00150562429296478,0,"TNF_TNFRSF1B","Tnf  - Tnfrsf1b","TNF","Secreted Signaling","KEGG: mmu04060"
"484","MAC-1","DC-2","Tnf","Tnfrsf1b",0.000907175180912062,0,"TNF_TNFRSF1B","Tnf  - Tnfrsf1b","TNF","Secreted Signaling","KEGG: mmu04060"
"485","MAC-2","DC-2","Tnf","Tnfrsf1b",0.000326100036421592,0.02,"TNF_TNFRSF1B","Tnf  - Tnfrsf1b","TNF","Secreted Signaling","KEGG: mmu04060"
"486","MAC-3","DC-2","Tnf","Tnfrsf1b",0.00236418200566327,0,"TNF_TNFRSF1B","Tnf  - Tnfrsf1b","TNF","Secreted Signaling","KEGG: mmu04060"
"487","TCELL-1","DC-2","Tnf","Tnfrsf1b",0.00133404588011669,0,"TNF_TNFRSF1B","Tnf  - Tnfrsf1b","TNF","Secreted Signaling","KEGG: mmu04060"
"488","DC-2","MAC-2","Tnf","Tnfrsf1b",0.000569619090784237,0.03,"TNF_TNFRSF1B","Tnf  - Tnfrsf1b","TNF","Secreted Signaling","KEGG: mmu04060"
"489","DC-3","MAC-2","Tnf","Tnfrsf1b",0.000632185895202879,0,"TNF_TNFRSF1B","Tnf  - Tnfrsf1b","TNF","Secreted Signaling","KEGG: mmu04060"
"490","MAC-1","MAC-2","Tnf","Tnfrsf1b",0.000380774953039478,0,"TNF_TNFRSF1B","Tnf  - Tnfrsf1b","TNF","Secreted Signaling","KEGG: mmu04060"
"491","MAC-2","MAC-2","Tnf","Tnfrsf1b",0.00013683006033051,0.04,"TNF_TNFRSF1B","Tnf  - Tnfrsf1b","TNF","Secreted Signaling","KEGG: mmu04060"
"492","MAC-3","MAC-2","Tnf","Tnfrsf1b",0.000993175008492504,0,"TNF_TNFRSF1B","Tnf  - Tnfrsf1b","TNF","Secreted Signaling","KEGG: mmu04060"
"493","TCELL-1","MAC-2","Tnf","Tnfrsf1b",0.00056008722088748,0,"TNF_TNFRSF1B","Tnf  - Tnfrsf1b","TNF","Secreted Signaling","KEGG: mmu04060"
"494","DC-2","MAC-3","Tnf","Tnfrsf1b",0.00360825537713858,0.01,"TNF_TNFRSF1B","Tnf  - Tnfrsf1b","TNF","Secreted Signaling","KEGG: mmu04060"
"495","DC-3","MAC-3","Tnf","Tnfrsf1b",0.00400324825876039,0,"TNF_TNFRSF1B","Tnf  - Tnfrsf1b","TNF","Secreted Signaling","KEGG: mmu04060"
"496","MAC-1","MAC-3","Tnf","Tnfrsf1b",0.00241445479447015,0,"TNF_TNFRSF1B","Tnf  - Tnfrsf1b","TNF","Secreted Signaling","KEGG: mmu04060"
"497","MAC-2","MAC-3","Tnf","Tnfrsf1b",0.000868757654481886,0,"TNF_TNFRSF1B","Tnf  - Tnfrsf1b","TNF","Secreted Signaling","KEGG: mmu04060"
"498","MAC-3","MAC-3","Tnf","Tnfrsf1b",0.00627708184403314,0,"TNF_TNFRSF1B","Tnf  - Tnfrsf1b","TNF","Secreted Signaling","KEGG: mmu04060"
"499","TCELL-1","MAC-3","Tnf","Tnfrsf1b",0.00354805620667748,0,"TNF_TNFRSF1B","Tnf  - Tnfrsf1b","TNF","Secreted Signaling","KEGG: mmu04060"
"500","DC-2","TCELL-1","Tnf","Tnfrsf1b",0.00391446338146088,0,"TNF_TNFRSF1B","Tnf  - Tnfrsf1b","TNF","Secreted Signaling","KEGG: mmu04060"
"501","DC-3","TCELL-1","Tnf","Tnfrsf1b",0.0043428305124052,0,"TNF_TNFRSF1B","Tnf  - Tnfrsf1b","TNF","Secreted Signaling","KEGG: mmu04060"
"502","MAC-1","TCELL-1","Tnf","Tnfrsf1b",0.00261961944603744,0,"TNF_TNFRSF1B","Tnf  - Tnfrsf1b","TNF","Secreted Signaling","KEGG: mmu04060"
"503","MAC-2","TCELL-1","Tnf","Tnfrsf1b",0.00094270314219121,0,"TNF_TNFRSF1B","Tnf  - Tnfrsf1b","TNF","Secreted Signaling","KEGG: mmu04060"
"504","MAC-3","TCELL-1","Tnf","Tnfrsf1b",0.00680822738759846,0,"TNF_TNFRSF1B","Tnf  - Tnfrsf1b","TNF","Secreted Signaling","KEGG: mmu04060"
"505","TCELL-1","TCELL-1","Tnf","Tnfrsf1b",0.0038491752537794,0,"TNF_TNFRSF1B","Tnf  - Tnfrsf1b","TNF","Secreted Signaling","KEGG: mmu04060"
"506","MAC-3","FIB-III","Tnfsf14","Ltbr",0.00140042726961301,0,"TNFSF14_LTBR","Tnfsf14  - Ltbr","LIGHT","Secreted Signaling","KEGG: mmu04060"
"507","MAC-3","MAC-3","Tnfsf14","Ltbr",0.000893464877160374,0,"TNFSF14_LTBR","Tnfsf14  - Ltbr","LIGHT","Secreted Signaling","KEGG: mmu04060"
"508","DC-2","DC-2","Tnfsf11","Tnfrsf11a",5.22279930079876e-05,0.03,"TNFSF11_TNFRSF11A","Tnfsf11  - Tnfrsf11a","RANKL","Secreted Signaling","KEGG: mmu04060"
"509","MAC-2","DC-2","Tnfsf11","Tnfrsf11a",4.64170457438621e-05,0,"TNFSF11_TNFRSF11A","Tnfsf11  - Tnfrsf11a","RANKL","Secreted Signaling","KEGG: mmu04060"
"510","DC-2","MAC-2","Tnfsf11","Tnfrsf11a",2.65245537928184e-05,0.01,"TNFSF11_TNFRSF11A","Tnfsf11  - Tnfrsf11a","RANKL","Secreted Signaling","KEGG: mmu04060"
"511","MAC-2","MAC-2","Tnfsf11","Tnfrsf11a",2.35733336607463e-05,0.03,"TNFSF11_TNFRSF11A","Tnfsf11  - Tnfrsf11a","RANKL","Secreted Signaling","KEGG: mmu04060"
"512","DC-2","DC-2","Tnfsf11","Tnfrsf11b",7.46147588506425e-06,0.04,"TNFSF11_TNFRSF11B","Tnfsf11  - Tnfrsf11b","RANKL","Secreted Signaling","KEGG: mmu04060"
"513","MAC-2","DC-2","Tnfsf11","Tnfrsf11b",6.63127036682026e-06,0.01,"TNFSF11_TNFRSF11B","Tnfsf11  - Tnfrsf11b","RANKL","Secreted Signaling","KEGG: mmu04060"
"514","DC-2","MAC-2","Tnfsf11","Tnfrsf11b",2.65245537928184e-05,0.01,"TNFSF11_TNFRSF11B","Tnfsf11  - Tnfrsf11b","RANKL","Secreted Signaling","KEGG: mmu04060"
"515","MAC-2","MAC-2","Tnfsf11","Tnfrsf11b",2.35733336607463e-05,0.02,"TNFSF11_TNFRSF11B","Tnfsf11  - Tnfrsf11b","RANKL","Secreted Signaling","KEGG: mmu04060"
"516","FIB-III","FIB-III","Tnfsf12","Tnfrsf12a",0.00121164328315887,0,"TNFSF12_TNFRSF12A","Tnfsf12  - Tnfrsf12a","TWEAK","Secreted Signaling","KEGG: mmu04060"
"517","MAC-1","FIB-III","Tnfsf12","Tnfrsf12a",0.000931961791118265,0,"TNFSF12_TNFRSF12A","Tnfsf12  - Tnfrsf12a","TWEAK","Secreted Signaling","KEGG: mmu04060"
"518","MAC-2","FIB-III","Tnfsf12","Tnfrsf12a",0.00327247799857794,0,"TNFSF12_TNFRSF12A","Tnfsf12  - Tnfrsf12a","TWEAK","Secreted Signaling","KEGG: mmu04060"
"519","DC-1","DC-2","Tnfsf9","Tnfrsf9",0.00130613567786405,0,"TNFSF9_TNFRSF9","Tnfsf9  - Tnfrsf9","CD137","Secreted Signaling","KEGG: mmu04060"
"520","DC-3","DC-2","Tnfsf9","Tnfrsf9",0.0004401245899918,0.01,"TNFSF9_TNFRSF9","Tnfsf9  - Tnfrsf9","CD137","Secreted Signaling","KEGG: mmu04060"
"521","MAC-3","DC-2","Tnfsf9","Tnfrsf9",0.000609189865801494,0.01,"TNFSF9_TNFRSF9","Tnfsf9  - Tnfrsf9","CD137","Secreted Signaling","KEGG: mmu04060"
"522","MAC-2","MAC-2","Tnfsf13b","Tnfrsf17",0.00173947386128996,0,"TNFSF13B_TNFRSF17","Tnfsf13b  - Tnfrsf17","BAFF","Secreted Signaling","KEGG: mmu04060"
"523","MAC-2","DC-3","Tnfsf13b","Tnfrsf13b",0.000357855164913489,0,"TNFSF13B_TNFRSF13B","Tnfsf13b  - Tnfrsf13b","BAFF","Secreted Signaling","KEGG: mmu04060"
"524","MAC-2","TCELL-2","Tnfsf13b","Tnfrsf13b",0.00337026471996938,0,"TNFSF13B_TNFRSF13B","Tnfsf13b  - Tnfrsf13b","BAFF","Secreted Signaling","KEGG: mmu04060"
"525","DC-2","DC-1","Spp1","Cd44",0.00482823266219752,0,"SPP1_CD44","Spp1  - Cd44","SPP1","Secreted Signaling","PMID: 21907263"
"526","DC-2","DC-2","Spp1","Cd44",0.00671299671478819,0,"SPP1_CD44","Spp1  - Cd44","SPP1","Secreted Signaling","PMID: 21907263"
"527","DC-2","DC-3","Spp1","Cd44",0.00556926174216102,0,"SPP1_CD44","Spp1  - Cd44","SPP1","Secreted Signaling","PMID: 21907263"
"528","DC-2","MAC-1","Spp1","Cd44",0.00145735803233943,0,"SPP1_CD44","Spp1  - Cd44","SPP1","Secreted Signaling","PMID: 21907263"
"529","DC-2","MAC-2","Spp1","Cd44",0.0038133406966065,0,"SPP1_CD44","Spp1  - Cd44","SPP1","Secreted Signaling","PMID: 21907263"
"530","DC-2","MAC-3","Spp1","Cd44",0.00722795606495124,0,"SPP1_CD44","Spp1  - Cd44","SPP1","Secreted Signaling","PMID: 21907263"
"531","DC-2","TCELL-1","Spp1","Cd44",0.00631028403796848,0,"SPP1_CD44","Spp1  - Cd44","SPP1","Secreted Signaling","PMID: 21907263"
"532","DC-2","TCELL-2","Spp1","Cd44",0.00175223876898954,0.01,"SPP1_CD44","Spp1  - Cd44","SPP1","Secreted Signaling","PMID: 21907263"
"533","DC-2","FIB-III","Spp1","ITGAV_ITGB1",0.00123799430220889,0.01,"SPP1_ITGAV_ITGB1","Spp1  - (Itgav+Itgb1)","SPP1","Secreted Signaling","PMID: 21907263"
"534","DC-2","MAC-2","Spp1","ITGAV_ITGB1",0.000956186330429158,0.02,"SPP1_ITGAV_ITGB1","Spp1  - (Itgav+Itgb1)","SPP1","Secreted Signaling","PMID: 21907263"
"535","DC-2","FIB-III","Spp1","ITGAV_ITGB5",0.00134346658052925,0.01,"SPP1_ITGAV_ITGB5","Spp1  - (Itgav+Itgb5)","SPP1","Secreted Signaling","PMID: 21907263"
"536","DC-2","MAC-2","Spp1","ITGAV_ITGB5",0.000367777878501665,0.02,"SPP1_ITGAV_ITGB5","Spp1  - (Itgav+Itgb5)","SPP1","Secreted Signaling","PMID: 21907263"
"537","DC-2","DC-2","Spp1","ITGA4_ITGB1",0.00614305639359472,0,"SPP1_ITGA4_ITGB1","Spp1  - (Itga4+Itgb1)","SPP1","Secreted Signaling","PMID: 21907263"
"538","DC-2","MAC-3","Spp1","ITGA4_ITGB1",0.000546843874752709,0,"SPP1_ITGA4_ITGB1","Spp1  - (Itga4+Itgb1)","SPP1","Secreted Signaling","PMID: 21907263"
"539","DC-2","DC-2","Spp1","ITGA5_ITGB1",0.00165241836727499,0,"SPP1_ITGA5_ITGB1","Spp1  - (Itga5+Itgb1)","SPP1","Secreted Signaling","PMID: 21907263"
"540","DC-2","DC-2","Nampt","ITGA5_ITGB1",0.00351818097680837,0,"NAMPT_ITGA5_ITGB1","Nampt  - (Itga5+Itgb1)","VISFATIN","Secreted Signaling","PMID: 28490838"
"541","DC-3","DC-2","Nampt","ITGA5_ITGB1",0.00646059287132072,0,"NAMPT_ITGA5_ITGB1","Nampt  - (Itga5+Itgb1)","VISFATIN","Secreted Signaling","PMID: 28490838"
"542","MAC-2","DC-2","Nampt","ITGA5_ITGB1",0.00137374479364683,0.03,"NAMPT_ITGA5_ITGB1","Nampt  - (Itga5+Itgb1)","VISFATIN","Secreted Signaling","PMID: 28490838"
"543","MAC-3","DC-2","Nampt","ITGA5_ITGB1",0.00183208672081447,0.01,"NAMPT_ITGA5_ITGB1","Nampt  - (Itga5+Itgb1)","VISFATIN","Secreted Signaling","PMID: 28490838"
"544","FIB-III","DC-2","Angptl2","ITGA5_ITGB1",0.00296877199259436,0,"ANGPTL2_ITGA5_ITGB1","Angptl2  - (Itga5+Itgb1)","ANGPTL","Secreted Signaling","PMID: 24478758"
"545","FIB-III","DC-1","Angptl2","Tlr4",1.48723759873573e-06,0,"ANGPTL2_TLR4","Angptl2  - Tlr4","ANGPTL","Secreted Signaling","PMID: 24478758"
"546","FIB-III","DC-2","Angptl2","Tlr4",6.37605281180667e-09,0.01,"ANGPTL2_TLR4","Angptl2  - Tlr4","ANGPTL","Secreted Signaling","PMID: 24478758"
"547","FIB-III","DC-3","Angptl2","Tlr4",1.6661355193959e-07,0.01,"ANGPTL2_TLR4","Angptl2  - Tlr4","ANGPTL","Secreted Signaling","PMID: 24478758"
"548","FIB-III","FIB-III","Angptl2","Tlr4",3.56750284284935e-06,0,"ANGPTL2_TLR4","Angptl2  - Tlr4","ANGPTL","Secreted Signaling","PMID: 24478758"
"549","FIB-III","MAC-1","Angptl2","Tlr4",5.24820399320601e-06,0,"ANGPTL2_TLR4","Angptl2  - Tlr4","ANGPTL","Secreted Signaling","PMID: 24478758"
"550","FIB-III","MAC-2","Angptl2","Tlr4",0.000221600988577247,0,"ANGPTL2_TLR4","Angptl2  - Tlr4","ANGPTL","Secreted Signaling","PMID: 24478758"
"551","FIB-III","MAC-3","Angptl2","Tlr4",2.94170796043444e-06,0,"ANGPTL2_TLR4","Angptl2  - Tlr4","ANGPTL","Secreted Signaling","PMID: 24478758"
"552","FIB-III","TCELL-1","Angptl2","Tlr4",2.12820366181487e-08,0.01,"ANGPTL2_TLR4","Angptl2  - Tlr4","ANGPTL","Secreted Signaling","PMID: 24478758"
"553","FIB-III","DC-1","Angptl2","Pirb",0.00175818342135826,0,"ANGPTL2_PIRB","Angptl2  - Pirb","ANGPTL","Secreted Signaling","PMID: 24478758"
"554","FIB-III","DC-2","Angptl2","Pirb",0.00138029544573355,0,"ANGPTL2_PIRB","Angptl2  - Pirb","ANGPTL","Secreted Signaling","PMID: 24478758"
"555","FIB-III","DC-3","Angptl2","Pirb",0.00081805694859153,0,"ANGPTL2_PIRB","Angptl2  - Pirb","ANGPTL","Secreted Signaling","PMID: 24478758"
"556","FIB-III","MAC-1","Angptl2","Pirb",0.00181730617616787,0,"ANGPTL2_PIRB","Angptl2  - Pirb","ANGPTL","Secreted Signaling","PMID: 24478758"
"557","FIB-III","MAC-2","Angptl2","Pirb",0.000598056600223242,0,"ANGPTL2_PIRB","Angptl2  - Pirb","ANGPTL","Secreted Signaling","PMID: 24478758"
"558","FIB-III","MAC-3","Angptl2","Pirb",0.00544022068481259,0,"ANGPTL2_PIRB","Angptl2  - Pirb","ANGPTL","Secreted Signaling","PMID: 24478758"
"559","FIB-III","DC-1","Angptl1","Pirb",0.00779441829550079,0,"ANGPTL1_PIRB","Angptl1  - Pirb","ANGPTL","Secreted Signaling","PMID: 24478758"
"560","FIB-III","DC-2","Angptl1","Pirb",0.00612711998482271,0,"ANGPTL1_PIRB","Angptl1  - Pirb","ANGPTL","Secreted Signaling","PMID: 24478758"
"561","FIB-III","DC-3","Angptl1","Pirb",0.00363839265768886,0,"ANGPTL1_PIRB","Angptl1  - Pirb","ANGPTL","Secreted Signaling","PMID: 24478758"
"562","FIB-III","MAC-1","Angptl1","Pirb",0.00805488474929469,0,"ANGPTL1_PIRB","Angptl1  - Pirb","ANGPTL","Secreted Signaling","PMID: 24478758"
"563","FIB-III","MAC-2","Angptl1","Pirb",0.00266193908060839,0.01,"ANGPTL1_PIRB","Angptl1  - Pirb","ANGPTL","Secreted Signaling","PMID: 24478758"
"564","FIB-III","MAC-3","Angptl1","Pirb",0.0238161129487745,0,"ANGPTL1_PIRB","Angptl1  - Pirb","ANGPTL","Secreted Signaling","PMID: 24478758"
"565","MAC-2","MAC-2","Ptn","Sdc1",0.00253064180129099,0.01,"PTN_SDC1","Ptn  - Sdc1","PTN","Secreted Signaling","PMID: 28356350; PMID: 25620911"
"566","MAC-2","MAC-3","Ptn","Sdc1",0.00119235022395915,0,"PTN_SDC1","Ptn  - Sdc1","PTN","Secreted Signaling","PMID: 28356350; PMID: 25620911"
"567","MAC-2","DC-3","Ptn","Sdc3",0.00206876283342597,0,"PTN_SDC3","Ptn  - Sdc3","PTN","Secreted Signaling","PMID: 28356350; PMID: 25620911"
"568","MAC-2","MAC-1","Ptn","Sdc3",0.0015072046008623,0,"PTN_SDC3","Ptn  - Sdc3","PTN","Secreted Signaling","PMID: 28356350; PMID: 25620911"
"569","MAC-2","MAC-2","Ptn","Sdc3",0.00611675280679069,0,"PTN_SDC3","Ptn  - Sdc3","PTN","Secreted Signaling","PMID: 28356350; PMID: 25620911"
"570","MAC-2","MAC-2","Ptn","Sdc4",0.00791763176390855,0.03,"PTN_SDC4","Ptn  - Sdc4","PTN","Secreted Signaling","PMID: 28356350; PMID: 25620911"
"571","MAC-2","DC-3","Ptn","Ncl",0.00654466281896211,0.03,"PTN_NCL","Ptn  - Ncl","PTN","Secreted Signaling","PMID: 28356350; PMID: 25620911"
"572","MAC-2","MAC-3","Ptn","Ncl",0.00625207695922316,0.02,"PTN_NCL","Ptn  - Ncl","PTN","Secreted Signaling","PMID: 28356350; PMID: 25620911"
"573","MAC-2","FIB-III","Postn","ITGAV_ITGB5",0.00242707142467419,0.01,"POSTN_ITGAV_ITGB5","Postn  - (Itgav+Itgb5)","PERIOSTIN","Secreted Signaling","PMID: 26721738"
"574","FIB-III","MAC-1","C3","C3ar1",0.00324991053845531,0,"C3_C3AR1","C3  - C3ar1","COMPLEMENT","Secreted Signaling","KEGG: mmu04080"
"575","MAC-3","MAC-1","C3","C3ar1",0.00255745249872507,0,"C3_C3AR1","C3  - C3ar1","COMPLEMENT","Secreted Signaling","KEGG: mmu04080"
"576","FIB-III","MAC-2","C3","C3ar1",0.00781261615476962,0,"C3_C3AR1","C3  - C3ar1","COMPLEMENT","Secreted Signaling","KEGG: mmu04080"
"577","MAC-3","MAC-2","C3","C3ar1",0.00615398524730801,0,"C3_C3AR1","C3  - C3ar1","COMPLEMENT","Secreted Signaling","KEGG: mmu04080"
"578","FIB-III","MAC-3","C3","C3ar1",0.00115679464095493,0,"C3_C3AR1","C3  - C3ar1","COMPLEMENT","Secreted Signaling","KEGG: mmu04080"
"579","MAC-3","MAC-3","C3","C3ar1",0.000909909424246647,0,"C3_C3AR1","C3  - C3ar1","COMPLEMENT","Secreted Signaling","KEGG: mmu04080"
"580","FIB-III","MAC-2","C3","ITGAM_ITGB2",0.00602374776806009,0,"C3_ITGAM_ITGB2","C3  - (Itgam+Itgb2)","COMPLEMENT","Secreted Signaling","PMID: 16234578"
"581","MAC-3","MAC-2","C3","ITGAM_ITGB2",0.00474308097137354,0,"C3_ITGAM_ITGB2","C3  - (Itgam+Itgb2)","COMPLEMENT","Secreted Signaling","PMID: 16234578"
"582","FIB-III","MAC-3","C3","ITGAM_ITGB2",0.0113249495701816,0,"C3_ITGAM_ITGB2","C3  - (Itgam+Itgb2)","COMPLEMENT","Secreted Signaling","PMID: 16234578"
"583","MAC-3","MAC-3","C3","ITGAM_ITGB2",0.00892735397302403,0,"C3_ITGAM_ITGB2","C3  - (Itgam+Itgb2)","COMPLEMENT","Secreted Signaling","PMID: 16234578"
"584","DC-3","DC-3","Kitl","Kit",0.0001196017814298,0.02,"KITL_KIT","Kitl  - Kit","KIT","Secreted Signaling","KEGG: mmu04080"
"585","FIB-III","DC-2","Flt3l","Flt3",0.00610543734154588,0,"FLT3L_FLT3","Flt3l  - Flt3","FLT3","Secreted Signaling","PMID: 25992210"
"586","FIB-III","DC-3","Flt3l","Flt3",0.00825150118503546,0,"FLT3L_FLT3","Flt3l  - Flt3","FLT3","Secreted Signaling","PMID: 25992210"
"587","FIB-III","FIB-III","Sema3a","NRP1_PLXNA2",0.000143332314432173,0,"SEMA3A_NRP1_PLXNA2","Sema3a  - (Nrp1+Plxna2)","SEMA3","Secreted Signaling","PMID: 27533782"
"588","FIB-III","MAC-1","Sema3a","NRP1_PLXNA2",0.000195208526022765,0.03,"SEMA3A_NRP1_PLXNA2","Sema3a  - (Nrp1+Plxna2)","SEMA3","Secreted Signaling","PMID: 27533782"
"589","FIB-III","FIB-III","Sema3b","NRP1_PLXNA2",0.00154108883643414,0,"SEMA3B_NRP1_PLXNA2","Sema3b  - (Nrp1+Plxna2)","SEMA3","Secreted Signaling","PMID: 27533782"
"590","FIB-III","MAC-1","Sema3b","NRP1_PLXNA2",0.00209779314579687,0,"SEMA3B_NRP1_PLXNA2","Sema3b  - (Nrp1+Plxna2)","SEMA3","Secreted Signaling","PMID: 27533782"
"591","FIB-III","MAC-2","Sema3b","NRP1_PLXNA2",0.00449083031236996,0,"SEMA3B_NRP1_PLXNA2","Sema3b  - (Nrp1+Plxna2)","SEMA3","Secreted Signaling","PMID: 27533782"
"592","FIB-III","DC-3","Sema3c","NRP1_PLXNA2",0.00023721446066408,0,"SEMA3C_NRP1_PLXNA2","Sema3c  - (Nrp1+Plxna2)","SEMA3","Secreted Signaling","PMID: 27533782"
"593","FIB-III","FIB-III","Sema3c","NRP1_PLXNA2",0.000426121233400187,0,"SEMA3C_NRP1_PLXNA2","Sema3c  - (Nrp1+Plxna2)","SEMA3","Secreted Signaling","PMID: 27533782"
"594","FIB-III","MAC-1","Sema3c","NRP1_PLXNA2",0.000580287733138515,0,"SEMA3C_NRP1_PLXNA2","Sema3c  - (Nrp1+Plxna2)","SEMA3","Secreted Signaling","PMID: 27533782"
"595","FIB-III","MAC-2","Sema3c","NRP1_PLXNA2",0.00124440402239134,0,"SEMA3C_NRP1_PLXNA2","Sema3c  - (Nrp1+Plxna2)","SEMA3","Secreted Signaling","PMID: 27533782"
"596","FIB-III","MAC-3","Sema3c","NRP1_PLXNA2",0.000230101581415424,0,"SEMA3C_NRP1_PLXNA2","Sema3c  - (Nrp1+Plxna2)","SEMA3","Secreted Signaling","PMID: 27533782"
"597","FIB-III","FIB-III","Sema3b","NRP2_PLXNA2",0.00199470919787273,0,"SEMA3B_NRP2_PLXNA2","Sema3b  - (Nrp2+Plxna2)","SEMA3","Secreted Signaling","PMID: 27533782"
"598","FIB-III","DC-2","Sema3c","NRP2_PLXNA1",0.000791809337073433,0,"SEMA3C_NRP2_PLXNA1","Sema3c  - (Nrp2+Plxna1)","SEMA3","Secreted Signaling","PMID: 27533782"
"599","FIB-III","FIB-III","Sema3c","NRP2_PLXNA2",0.000551731609936624,0,"SEMA3C_NRP2_PLXNA2","Sema3c  - (Nrp2+Plxna2)","SEMA3","Secreted Signaling","PMID: 27533782"
"600","FIB-III","DC-2","Sema3c","Plxnd1",0.00485931508333911,0,"SEMA3C_PLXND1","Sema3c  - Plxnd1","SEMA3","Secreted Signaling","PMID: 27533782"
"601","FIB-III","FIB-III","Gas6","Axl",0.0595601435457017,0,"GAS6_AXL","Gas6  - Axl","GAS","Secreted Signaling","PMID: 27801848"
"602","MAC-1","FIB-III","Gas6","Axl",0.0300548320502018,0,"GAS6_AXL","Gas6  - Axl","GAS","Secreted Signaling","PMID: 27801848"
"603","MAC-2","FIB-III","Gas6","Axl",0.0466552234261889,0,"GAS6_AXL","Gas6  - Axl","GAS","Secreted Signaling","PMID: 27801848"
"604","DC-1","MAC-2","Gas6","Tyro3",0.000302614663446592,0.04,"GAS6_TYRO3","Gas6  - Tyro3","GAS","Secreted Signaling","PMID: 27801848"
"605","DC-3","MAC-2","Gas6","Tyro3",0.000238901658794548,0.04,"GAS6_TYRO3","Gas6  - Tyro3","GAS","Secreted Signaling","PMID: 27801848"
"606","FIB-III","MAC-2","Gas6","Tyro3",0.00482979654232531,0,"GAS6_TYRO3","Gas6  - Tyro3","GAS","Secreted Signaling","PMID: 27801848"
"607","MAC-1","MAC-2","Gas6","Tyro3",0.00236888441358097,0.03,"GAS6_TYRO3","Gas6  - Tyro3","GAS","Secreted Signaling","PMID: 27801848"
"608","MAC-2","MAC-2","Gas6","Tyro3",0.00373621096196494,0.02,"GAS6_TYRO3","Gas6  - Tyro3","GAS","Secreted Signaling","PMID: 27801848"
"609","MAC-3","MAC-2","Gas6","Tyro3",0.000434985967022196,0.04,"GAS6_TYRO3","Gas6  - Tyro3","GAS","Secreted Signaling","PMID: 27801848"
"610","FIB-III","DC-1","Lgals9","Ptprc",0.0282786457990434,0,"LGALS9_CD45","Lgals9  - Cd45","GALECTIN","Secreted Signaling","PMID: 30120235"
"611","MAC-2","DC-1","Lgals9","Ptprc",0.0249074301700074,0,"LGALS9_CD45","Lgals9  - Cd45","GALECTIN","Secreted Signaling","PMID: 30120235"
"612","MAC-3","DC-1","Lgals9","Ptprc",0.00574658168777481,0,"LGALS9_CD45","Lgals9  - Cd45","GALECTIN","Secreted Signaling","PMID: 30120235"
"613","FIB-III","DC-3","Lgals9","Ptprc",0.0241966200402336,0,"LGALS9_CD45","Lgals9  - Cd45","GALECTIN","Secreted Signaling","PMID: 30120235"
"614","MAC-2","DC-3","Lgals9","Ptprc",0.0213013721050959,0,"LGALS9_CD45","Lgals9  - Cd45","GALECTIN","Secreted Signaling","PMID: 30120235"
"615","FIB-III","MAC-1","Lgals9","Ptprc",0.012949693706951,0,"LGALS9_CD45","Lgals9  - Cd45","GALECTIN","Secreted Signaling","PMID: 30120235"
"616","MAC-2","MAC-1","Lgals9","Ptprc",0.0113844967699301,0,"LGALS9_CD45","Lgals9  - Cd45","GALECTIN","Secreted Signaling","PMID: 30120235"
"617","MAC-3","MAC-1","Lgals9","Ptprc",0.00259887679875046,0.01,"LGALS9_CD45","Lgals9  - Cd45","GALECTIN","Secreted Signaling","PMID: 30120235"
"618","FIB-III","MAC-2","Lgals9","Ptprc",0.0197683743701417,0,"LGALS9_CD45","Lgals9  - Cd45","GALECTIN","Secreted Signaling","PMID: 30120235"
"619","MAC-2","MAC-2","Lgals9","Ptprc",0.017393543712722,0.03,"LGALS9_CD45","Lgals9  - Cd45","GALECTIN","Secreted Signaling","PMID: 30120235"
"620","FIB-III","MAC-3","Lgals9","Ptprc",0.0212869285781958,0,"LGALS9_CD45","Lgals9  - Cd45","GALECTIN","Secreted Signaling","PMID: 30120235"
"621","MAC-2","MAC-3","Lgals9","Ptprc",0.0187331560900094,0,"LGALS9_CD45","Lgals9  - Cd45","GALECTIN","Secreted Signaling","PMID: 30120235"
"622","FIB-III","TCELL-1","Lgals9","Ptprc",0.0347278449154823,0,"LGALS9_CD45","Lgals9  - Cd45","GALECTIN","Secreted Signaling","PMID: 30120235"
"623","MAC-2","TCELL-1","Lgals9","Ptprc",0.0306120138310934,0,"LGALS9_CD45","Lgals9  - Cd45","GALECTIN","Secreted Signaling","PMID: 30120235"
"624","MAC-3","TCELL-1","Lgals9","Ptprc",0.00709465909578993,0,"LGALS9_CD45","Lgals9  - Cd45","GALECTIN","Secreted Signaling","PMID: 30120235"
"625","FIB-III","TCELL-2","Lgals9","Ptprc",0.0423521873211925,0,"LGALS9_CD45","Lgals9  - Cd45","GALECTIN","Secreted Signaling","PMID: 30120235"
"626","MAC-2","TCELL-2","Lgals9","Ptprc",0.0373677247432267,0,"LGALS9_CD45","Lgals9  - Cd45","GALECTIN","Secreted Signaling","PMID: 30120235"
"627","MAC-3","TCELL-2","Lgals9","Ptprc",0.00870698308780591,0,"LGALS9_CD45","Lgals9  - Cd45","GALECTIN","Secreted Signaling","PMID: 30120235"
"628","FIB-III","FIB-III","Pros1","Axl",0.0145963197800022,0,"PROS1_AXL","Pros1  - Axl","PROS","Secreted Signaling","PMID: 29531161"
"629","MAC-2","FIB-III","Pros1","Axl",0.0249914981712187,0,"PROS1_AXL","Pros1  - Axl","PROS","Secreted Signaling","PMID: 29531161"
"630","FIB-III","MAC-2","Pros1","Tyro3",0.00113381777735234,0,"PROS1_TYRO3","Pros1  - Tyro3","PROS","Secreted Signaling","PMID: 30501104"
"631","MAC-2","MAC-2","Pros1","Tyro3",0.00196037175922074,0.02,"PROS1_TYRO3","Pros1  - Tyro3","PROS","Secreted Signaling","PMID: 30501104"
"632","MAC-2","FIB-III","Pthlh","Pth1r",0.000501280708480174,0,"PTHLH_PTH1R","Pthlh  - Pth1r","PTH","Secreted Signaling","PMID: 29577935"
"633","FIB-III","DC-3","Lgals9","Havcr2",0.0103687665238393,0,"LGALS9_HAVCR2","Lgals9  - Havcr2","GALECTIN","Secreted Signaling","PMID: 27192565"
"634","MAC-2","DC-3","Lgals9","Havcr2",0.00911263978525197,0,"LGALS9_HAVCR2","Lgals9  - Havcr2","GALECTIN","Secreted Signaling","PMID: 27192565"
"635","MAC-3","DC-3","Lgals9","Havcr2",0.00207656988644815,0,"LGALS9_HAVCR2","Lgals9  - Havcr2","GALECTIN","Secreted Signaling","PMID: 27192565"
"636","FIB-III","DC-1","Lgals9","Cd44",0.0294741740842037,0,"LGALS9_CD44","Lgals9  - Cd44","GALECTIN","Secreted Signaling","PMID: 25065622"
"637","MAC-2","DC-1","Lgals9","Cd44",0.0259642427455583,0,"LGALS9_CD44","Lgals9  - Cd44","GALECTIN","Secreted Signaling","PMID: 25065622"
"638","FIB-III","DC-2","Lgals9","Cd44",0.0405874244479935,0,"LGALS9_CD44","Lgals9  - Cd44","GALECTIN","Secreted Signaling","PMID: 25065622"
"639","MAC-2","DC-2","Lgals9","Cd44",0.0358028932202581,0.03,"LGALS9_CD44","Lgals9  - Cd44","GALECTIN","Secreted Signaling","PMID: 25065622"
"640","FIB-III","DC-3","Lgals9","Cd44",0.033869085690717,0,"LGALS9_CD44","Lgals9  - Cd44","GALECTIN","Secreted Signaling","PMID: 25065622"
"641","MAC-2","DC-3","Lgals9","Cd44",0.0298518843996733,0,"LGALS9_CD44","Lgals9  - Cd44","GALECTIN","Secreted Signaling","PMID: 25065622"
"642","FIB-III","MAC-1","Lgals9","Cd44",0.00905304037990694,0,"LGALS9_CD44","Lgals9  - Cd44","GALECTIN","Secreted Signaling","PMID: 25065622"
"643","FIB-III","MAC-2","Lgals9","Cd44",0.0234005343176691,0,"LGALS9_CD44","Lgals9  - Cd44","GALECTIN","Secreted Signaling","PMID: 25065622"
"644","FIB-III","MAC-3","Lgals9","Cd44",0.043586890754182,0,"LGALS9_CD44","Lgals9  - Cd44","GALECTIN","Secreted Signaling","PMID: 25065622"
"645","MAC-2","MAC-3","Lgals9","Cd44",0.038462951306269,0,"LGALS9_CD44","Lgals9  - Cd44","GALECTIN","Secreted Signaling","PMID: 25065622"
"646","FIB-III","TCELL-1","Lgals9","Cd44",0.0382307997261481,0,"LGALS9_CD44","Lgals9  - Cd44","GALECTIN","Secreted Signaling","PMID: 25065622"
"647","MAC-2","TCELL-1","Lgals9","Cd44",0.033714310204004,0,"LGALS9_CD44","Lgals9  - Cd44","GALECTIN","Secreted Signaling","PMID: 25065622"
"648","MAC-3","TCELL-1","Lgals9","Cd44",0.00783290693959786,0.03,"LGALS9_CD44","Lgals9  - Cd44","GALECTIN","Secreted Signaling","PMID: 25065622"
"649","FIB-III","TCELL-2","Lgals9","Cd44",0.0108680982048721,0,"LGALS9_CD44","Lgals9  - Cd44","GALECTIN","Secreted Signaling","PMID: 25065622"
"650","MAC-2","TCELL-2","Lgals9","Cd44",0.009552063682746,0.04,"LGALS9_CD44","Lgals9  - Cd44","GALECTIN","Secreted Signaling","PMID: 25065622"
